"release/450471","Anti-Matter","https://www.discogs.com/King-Geedorah-Anti-Matter/master/450471","RELEASE"
"release/51131","Take Me To Your Leader","https://www.discogs.com/King-Geedorah-Take-Me-To-Your-Leader/master/51131","RELEASE"
"release/322892","Gigan","https://www.discogs.com/Gigan-Gigan/master/322892","RELEASE"
"release/63242","Escape From Monsta Island !","https://www.discogs.com/Monsta-Island-Czars-Escape-From-Monsta-Island-/master/63242","RELEASE"
"release/4271070","'That Was You?'","https://www.discogs.com/Stahhr-That-Was-You/release/4271070","RELEASE"
"release/8470","Operation: Doomsday","https://www.discogs.com/MF-Doom-Operation-Doomsday/master/8470","RELEASE"
"release/51085","MF","https://www.discogs.com/MF-Doom-MF-Grimm-MF/master/51085","RELEASE"
"release/195139","Colapsus","https://www.discogs.com/King-Honey-Heat-Sensor-Colapsus/release/195139","RELEASE"
"release/51117","Colapsus","https://www.discogs.com/Various-Colapsus/master/51117","RELEASE"
"release/201650","Escape","https://www.discogs.com/Monsta-Island-Czars-Escape/release/201650","RELEASE"
"release/1363253","Monster Mixes Vol. 1","https://www.discogs.com/X-Ray-Monster-Mixes-Vol-1/master/1363253","RELEASE"
"release/156609","Disco Pogo For Punks In Pumps Vol. 8","https://www.discogs.com/Various-Disco-Pogo-For-Punks-In-Pumps-Vol-8/release/156609","RELEASE"
"release/3681028","12 Inches Deep","https://www.discogs.com/Shadout-Mapes-12-Inches-Deep/release/3681028","RELEASE"
"release/1032239","Theophany: The Book Of Elevations","https://www.discogs.com/Rodan-Theophany-The-Book-Of-Elevations/release/1032239","RELEASE"
"release/2001496","Best Of M.F. Doom","https://www.discogs.com/DJ-Food-Stamp-Best-Of-MF-Doom/release/2001496","RELEASE"
"release/2244430","Black Girl White Girl","https://www.discogs.com/CX-KiDTRONiK-Black-Girl-White-Girl/release/2244430","RELEASE"
"release/5126298","Monster Mixes","https://www.discogs.com/X-Ray-Monster-Mixes/release/5126298","RELEASE"
"release/5193845","Krak Attack 2: Ballad Of Elli Skiff","https://www.discogs.com/CX-Kidtronik-Krak-Attack-2-Ballad-Of-Elli-Skiff/release/5193845","RELEASE"
"release/39503","Vaudeville Villain","https://www.discogs.com/Viktor-Vaughn-Vaudeville-Villain/master/39503","RELEASE"
"release/1605515","Hey! / Operation Greenbacks","https://www.discogs.com/MF-Doom-Doom-Are-You-Awake-Hey-Operation-Greenbacks/master/1605515","RELEASE"
"release/213195","Greenbacks / Go With The Flow","https://www.discogs.com/MF-Doom-Greenbacks-Go-With-The-Flow/release/213195","RELEASE"
"release/2833747","Psycho Sisters (Original Soundtrack)","https://www.discogs.com/Various-Psycho-Sisters-Original-Soundtrack/release/2833747","RELEASE"
"release/259464","Undercover Cuts Vol:2 Doc:4","https://www.discogs.com/Various-Undercover-Cuts-Vol2-Doc4/release/259464","RELEASE"
"release/677086","Thé Dansant Des Anciens Elèves","https://www.discogs.com/LAtelier-Th%C3%A9-Dansant-Des-Anciens-El%C3%A8ves/release/677086","RELEASE"
"release/786642","Juice CD Vol.32","https://www.discogs.com/Various-Juice-CD-Vol32/release/786642","RELEASE"
"release/1026632","Best Of MF","https://www.discogs.com/Doom-Grimm-Best-Of-MF/release/1026632","RELEASE"
"release/1468962","DJ Mix","https://www.discogs.com/Four-Tet-DJ-Mix/release/1468962","RELEASE"
"release/5364445","Rap US #13","https://www.discogs.com/Various-Rap-US-13/release/5364445","RELEASE"
"release/6041612","Riimiklubi Mixtape Vol. 1","https://www.discogs.com/Leo-Luxus-Takajukka-Riimiklubi-Mixtape-Vol-1/release/6041612","RELEASE"
"release/14158562","House Productions Presents... Underground Raw Mixtape Vol. 36","https://www.discogs.com/DJ-ROD-House-Productions-Presents-Underground-Raw-Mixtape-Vol-36/release/14158562","RELEASE"
"release/14794089","Rockstar Compilation Vol. 20 - Ghetto Blast!","https://www.discogs.com/Various-Rockstar-Compilation-Vol-20-Ghetto-Blast/release/14794089","RELEASE"
"release/1021342","Twisted Metal Pt. 1 (Best Of Doom)","https://www.discogs.com/DJ-Ready-Cee-Twisted-Metal-Pt-1-Best-Of-Doom/release/1021342","RELEASE"
"release/1192611","Oddetall! (Debris From A Fragmented Culture Volume 3)","https://www.discogs.com/Jakobsen-Oddetall-Debris-From-A-Fragmented-Culture-Volume-3/release/1192611","RELEASE"
"release/1921773","Big Daddy Goes Hip Hop","https://www.discogs.com/Various-Big-Daddy-Goes-Hip-Hop/release/1921773","RELEASE"
"release/3744359","Room Service Presents The Combo Platter Vol. 4 & 5","https://www.discogs.com/Various-Room-Service-Presents-The-Combo-Platter-Vol-4-5/release/3744359","RELEASE"
"release/12189379","Back With Venom","https://www.discogs.com/After-Hours-3-Presents-Grazzhoppa-Back-With-Venom/release/12189379","RELEASE"
"release/513158","Bluffers Guide Volume 6: 2005 Sizzling Summer Sampler","https://www.discogs.com/Various-Bluffers-Guide-Volume-6-2005-Sizzling-Summer-Sampler/release/513158","RELEASE"
"release/522967","The Leak Edition Volume 1","https://www.discogs.com/John-Robinson-The-Leak-Edition-Volume-1/release/522967","RELEASE"
"release/10435768","Big Dada Sampler","https://www.discogs.com/Various-Big-Dada-Sampler/release/10435768","RELEASE"
"release/13938739","The 576","https://www.discogs.com/Various-The-576/release/13938739","RELEASE"
"release/15026284","Keep It Unreal OK?","https://www.discogs.com/Dj-Breaque-Keep-It-Unreal-OK/release/15026284","RELEASE"
"release/786053","Nova Classics Six","https://www.discogs.com/Various-Nova-Classics-Six/master/786053","RELEASE"
"release/1004918","Radio Mix","https://www.discogs.com/M83-Radio-Mix/master/1004918","RELEASE"
"release/2121155","New York - The Sex, The City, The Music","https://www.discogs.com/Various-New-York-The-SexCityMusic/release/2121155","RELEASE"
"release/16172050","New York - The Sex, The City, The Music","https://www.discogs.com/Various-New-York-The-SexCityMusic/release/16172050","RELEASE"
"release/2295238","Nu Hip Hop","https://www.discogs.com/Various-Nu-Hip-Hop/release/2295238","RELEASE"
"release/4837945","Well Deep: Ten Years Of Big Dada Recordings","https://www.discogs.com/Various-Well-Deep-Ten-Years-Of-Big-Dada-Recordings/release/4837945","RELEASE"
"release/161900","Well Deep (Ten Years Of Big Dada Recordings)","https://www.discogs.com/Various-Well-Deep-Ten-Years-Of-Big-Dada-Recordings/master/161900","RELEASE"
"release/102082","You Don't Know: Ninja Cuts","https://www.discogs.com/Various-You-Dont-Know-Ninja-Cuts/master/102082","RELEASE"
"release/78735","You Don't Know Ninja Cuts DJ Food's 1000 Masks Mix","https://www.discogs.com/DJ-Food-You-Dont-Know-Ninja-Cuts-DJ-Foods-1000-Masks-Mix/master/78735","RELEASE"
"release/283194","Ninja Tune XX: 20 Years Of Beats & Pieces","https://www.discogs.com/Various-Ninja-Tune-XX-20-Years-Of-Beats-Pieces/master/283194","RELEASE"
"release/5468694","RA.405","https://www.discogs.com/Galcher-Lustwerk-RA405/release/5468694","RELEASE"
"release/12091147","Later '90s/Early '2000s Underground Rap Takeover","https://www.discogs.com/Pictureplane-Later-90sEarly-2000s-Underground-Rap-Takeover/release/12091147","RELEASE"
"release/14179322","Nova Classics : Hip Hop 01","https://www.discogs.com/Various-Nova-Classics-Hip-Hop-01/release/14179322","RELEASE"
"release/1717818","La Leçon!!","https://www.discogs.com/The-Freshmakers-La-Le%C3%A7on/release/1717818","RELEASE"
"release/3505217","Underground Emcees Pt.5: Blowin Up","https://www.discogs.com/ABomb-Underground-Emcees-Pt5-Blowin-Up/release/3505217","RELEASE"
"release/3692391","No Half Steppin","https://www.discogs.com/Flip-Sanderz-No-Half-Steppin/release/3692391","RELEASE"
"release/6112332"," Ugly Mac Beer Invasion II: Happy... Doomsday","https://www.discogs.com/Ugly-Mac-Beer-Ugly-Mac-Beer-Invasion-II-Happy-Doomsday/release/6112332","RELEASE"
"release/610939","Ugly Mac Beer Invasion:The Unofficial MF Doom Mixtape","https://www.discogs.com/Ugly-Mac-Beer-Ugly-Mac-Beer-InvasionThe-Unofficial-MF-Doom-Mixtape/release/610939","RELEASE"
"release/3644189","The Many Faces Of Doom","https://www.discogs.com/MF-Doom-The-Many-Faces-Of-Doom/release/3644189","RELEASE"
"release/193642","Dead Bent / Gas Drawls / Hey!","https://www.discogs.com/MF-Doom-Dead-Bent-Gas-Drawls-Hey/release/193642","RELEASE"
"release/180885","The M.I.C. ","https://www.discogs.com/MF-Doom-The-MIC-/release/180885","RELEASE"
"release/265951","I Hear Voices","https://www.discogs.com/MF-Doom-I-Hear-Voices/master/265951","RELEASE"
"release/4239982","Verbal Animé / It Ain't Nuttin'","https://www.discogs.com/The-Herbaliser-Feat-Rakaa-Iriscience-MF-Doom-Verbal-Anim%C3%A9-It-Aint-Nuttin/release/4239982","RELEASE"
"release/191200","Blackberry Records Presents: On Deadly Ground","https://www.discogs.com/Psycho-8-Rip-One-Vs-Iriscience-Babu-Blackberry-Records-Presents-On-Deadly-Ground/master/191200","RELEASE"
"release/699515","The Unbound Project, Vol. 1","https://www.discogs.com/Talib-Kweli-Hi-Tek-Rakaa-Iriscience-The-Unbound-Project-Vol-1/master/699515","RELEASE"
"release/697966","Pay Attention","https://www.discogs.com/Babu-Iriscience-Pay-Attention/release/697966","RELEASE"
"release/34578","Good Girl Gone Bad B/W Verbal Animé","https://www.discogs.com/The-Herbaliser-Feat-Wildflower-Rakaa-Iriscience-Good-Girl-Gone-Bad-BW-Verbal-Anim%C3%A9/master/34578","RELEASE"
"release/1802428","L.A. Deck","https://www.discogs.com/DJ-Deckstream-Featuring-Visionaries-Rakaa-Iriscience-DJ-Babu-LA-Deck/release/1802428","RELEASE"
"release/2492978","The Delilah EP","https://www.discogs.com/Rakaa-The-Delilah-EP/release/2492978","RELEASE"
"release/279511","Crown Of Thorns","https://www.discogs.com/Rakaa-Crown-Of-Thorns/master/279511","RELEASE"
"release/3367046","New Maps","https://www.discogs.com/Metro-15-Rakaa-DJ-Babu-New-Maps/release/3367046","RELEASE"
"release/6914900","That Slap (Remix) - Black Silver ft. Ras Kass & Rakaa","https://www.discogs.com/Black-Silver-Ras-Kass-Rakaa-Iriscience-DJ-Obi-That-Slap-Remix-Black-Silver-ft-Ras-Kass-Rakaa/release/6914900","RELEASE"
"release/12839705","To The Fullest","https://www.discogs.com/Reks-Masta-Ace-Rakaa-Iriscience-To-The-Fullest/release/12839705","RELEASE"
"release/2280459","Don't Make Me Over","https://www.discogs.com/Moomin-Dont-Make-Me-Over/release/2280459","RELEASE"
"release/456803","Bullet Train","https://www.discogs.com/Dilated-Peoples-Bullet-Train/release/456803","RELEASE"
"release/66401","Neighborhood Watch","https://www.discogs.com/Dilated-Peoples-Neighborhood-Watch/master/66401","RELEASE"
"release/623918","'U Call Dis A Mixed Tape?'  Piece Of Shit Vol. 4","https://www.discogs.com/Rhettmatic-U-Call-Dis-A-Mixed-Tape-Piece-Of-Shit-Vol-4/master/623918","RELEASE"
"release/122616","The Troubleshooters","https://www.discogs.com/Funkdoobiest-The-Troubleshooters/master/122616","RELEASE"
"release/81415","Exitos Y Mas Exitos","https://www.discogs.com/Of-Mexican-Descent-Exitos-Y-Mas-Exitos/master/81415","RELEASE"
"release/433817","After The Heat","https://www.discogs.com/Joey-Chavez-After-The-Heat/master/433817","RELEASE"
"release/1220798","Dr. Ez's Cool Fantastic","https://www.discogs.com/DJ-Drez-And-The-Anonymous-Dr-Ezs-Cool-Fantastic/master/1220798","RELEASE"
"release/109349","Beneath The Surface","https://www.discogs.com/Various-Beneath-The-Surface/master/109349","RELEASE"
"release/1421101","Exitos Y Mas Exitos EP","https://www.discogs.com/Of-Mexican-Descent-Exitos-Y-Mas-Exitos-EP/master/1421101","RELEASE"
"release/68978","From The Ground Up / Ubiquity","https://www.discogs.com/The-Associates-From-The-Ground-Up-Ubiquity/master/68978","RELEASE"
"release/198121","Green And Gold","https://www.discogs.com/The-Anonymous-Formerly-Moonshine-Green-And-Gold/master/198121","RELEASE"
"release/69627","The World Famous Beat Junkies Volume 2","https://www.discogs.com/DJ-Rhettmatic-The-World-Famous-Beat-Junkies-Volume-2/master/69627","RELEASE"
"release/432559","Pounds 4 Dollars / You Don't Understand","https://www.discogs.com/Runaways-UK-Pounds-4-Dollars-You-Dont-Understand/release/432559","RELEASE"
"release/1917258","Antiquity","https://www.discogs.com/Lexicon-Antiquity/release/1917258","RELEASE"
"release/124528","Balance","https://www.discogs.com/Swollen-Members-Balance/master/124528","RELEASE"
"release/295067","Fake It Until You Make It","https://www.discogs.com/The-Mind-Clouders-Fake-It-Until-You-Make-It/master/295067","RELEASE"
"release/21200","Friction / Raps Don't Grow On Trees","https://www.discogs.com/DJ-Vadim-Friction-Raps-Dont-Grow-On-Trees/master/21200","RELEASE"
"release/21211","U.S.S.R. Life From The Other Side","https://www.discogs.com/DJ-Vadim-USSR-Life-From-The-Other-Side/master/21211","RELEASE"
"release/1034049","Friction / The Terrorist","https://www.discogs.com/DJ-Vadim-Friction-The-Terrorist/master/1034049","RELEASE"
"release/68982","Laid In Full","https://www.discogs.com/M-Boogie-Laid-In-Full/master/68982","RELEASE"
"release/1424357","Front Street / Counter Parts","https://www.discogs.com/Swollen-Members-Featuring-Dilated-Peoples-Front-Street-Counter-Parts/master/1424357","RELEASE"
"release/895808","In 12''s We Trust EP","https://www.discogs.com/DJ-Revolution-In-12s-We-Trust-EP/release/895808","RELEASE"
"release/3260097","On The Road Again","https://www.discogs.com/Rhettmatic-Shortkut-On-The-Road-Again/release/3260097","RELEASE"
"release/3810199","Volume 5: Big In The Street","https://www.discogs.com/J-Grand-Volume-5-Big-In-The-Street/release/3810199","RELEASE"
"release/7324310","Worldwise For President","https://www.discogs.com/Worldwise-Worldwise-For-President/release/7324310","RELEASE"
"release/10138896","Cornerstone Mixtape - Vol. 20 - Aug. 00 - DJ Revolution / DJ Quicksilver","https://www.discogs.com/DJ-Revolution-DJ-Quicksilver-2-Various-Cornerstone-Mixtape-Vol-20-Aug-00-DJ-Revolution-DJ-Quicksilve/release/10138896","RELEASE"
"release/11635067","Woobanger #1","https://www.discogs.com/The-Taurean-Korean-Woobanger-1/release/11635067","RELEASE"
"release/12267210","In 12's We Trust SAMPLER","https://www.discogs.com/DJ-Revolution-In-12s-We-Trust-SAMPLER/release/12267210","RELEASE"
"release/1801286","In Gun Fettt Trust","https://www.discogs.com/Boba-Fettt-Gunzales-In-Gun-Fettt-Trust/master/1801286","RELEASE"
"release/160901","Progress","https://www.discogs.com/Runaways-Progress/master/160901","RELEASE"
"release/76994","It's Been A Long Time Coming","https://www.discogs.com/Mykill-Miers-Its-Been-A-Long-Time-Coming/master/76994","RELEASE"
"release/151754","The Weight","https://www.discogs.com/The-Creators-The-Weight/master/151754","RELEASE"
"release/1716070","Who Am I?","https://www.discogs.com/Mykill-Miers-Who-Am-I/master/1716070","RELEASE"
"release/66439","Copenhagen (Claimin' Respect)","https://www.discogs.com/Boulevard-Connection-Copenhagen-Claimin-Respect/master/66439","RELEASE"
"release/69566","In 12's We Trust","https://www.discogs.com/DJ-Revolution-In-12s-We-Trust/master/69566","RELEASE"
"release/1489284","Fo The H€ad$ Part 4","https://www.discogs.com/DJ-Krylon-Fo-The-Had-Part-4/release/1489284","RELEASE"
"release/378900","Bluffer's Guide Vol. 4","https://www.discogs.com/Various-Bluffers-Guide-Vol-4/master/378900","RELEASE"
"release/124529","Bad Dreams","https://www.discogs.com/Swollen-Members-Bad-Dreams/master/124529","RELEASE"
"release/1587356","Da Pacumentary","https://www.discogs.com/Wildchild-2-Lootpack-Wild-N-You-Da-Pacumentary/master/1587356","RELEASE"
"release/19189","We Came From Beyond","https://www.discogs.com/Various-We-Came-From-Beyond/master/19189","RELEASE"
"release/354597","The A.M. Workshop","https://www.discogs.com/Melo-D-The-AM-Workshop/master/354597","RELEASE"
"release/1449814","V","https://www.discogs.com/Various-V/master/1449814","RELEASE"
"release/66396","Worst Comes To Worst / Target Practice","https://www.discogs.com/Dilated-Peoples-Worst-Comes-To-Worst-Target-Practice/master/66396","RELEASE"
"release/138080","AnotherLateNight","https://www.discogs.com/Rae-Christian-AnotherLateNight/master/138080","RELEASE"
"release/451996","The Original Structure","https://www.discogs.com/Joey-Chavez-The-Original-Structure/master/451996","RELEASE"
"release/69097","Passion","https://www.discogs.com/Blackalicious-Passion/master/69097","RELEASE"
"release/245854","Cosmic Slop / Work It Out","https://www.discogs.com/Supernatural-Cosmic-Slop-Work-It-Out/release/245854","RELEASE"
"release/697957","Presents: Duck Season Left Overs","https://www.discogs.com/Babu-Presents-Duck-Season-Left-Overs/release/697957","RELEASE"
"release/2698631","Homework 03","https://www.discogs.com/DJ-Pone-Homework-03/release/2698631","RELEASE"
"release/3312603","Code Of The Master","https://www.discogs.com/Hidden-Masters-Code-Of-The-Master/release/3312603","RELEASE"
"release/4198791","CMJ New Music Monthly Volume 100 March/April 2002","https://www.discogs.com/Various-CMJ-New-Music-Monthly-Volume-100-MarchApril-2002/release/4198791","RELEASE"
"release/6256147","Strictly Underground Rap Vol. 1","https://www.discogs.com/Dj-Ma%C3%ABs-Strictly-Underground-Rap-Vol-1/release/6256147","RELEASE"
"release/37895","Something Wicked This Way Comes","https://www.discogs.com/The-Herbaliser-Something-Wicked-This-Way-Comes/master/37895","RELEASE"
"release/379919","Blazing Arrow: Clean Vinyl Album Sampler","https://www.discogs.com/Blackalicious-Blazing-Arrow/master/379919","RELEASE"
"release/32320","Blazing Arrow","https://www.discogs.com/Blackalicious-Blazing-Arrow/master/32320","RELEASE"
"release/837608","Check The Intellect (Mixtape)","https://www.discogs.com/DJ-Cars10-Check-The-Intellect-Mixtape/master/837608","RELEASE"
"release/633919","Fingerprints / Interstate Five","https://www.discogs.com/Joey-Chavez-Fingerprints-Interstate-Five/release/633919","RELEASE"
"release/1329130","Undercover Cuts Vol:2 Doc:6","https://www.discogs.com/Various-Undercover-Cuts-Vol2-Doc6/release/1329130","RELEASE"
"release/363093","The Lost Freestyle Files","https://www.discogs.com/Supernatural-The-Lost-Freestyle-Files/master/363093","RELEASE"
"release/37885","Herbal Blend","https://www.discogs.com/The-Herbaliser-Herbal-Blend/master/37885","RELEASE"
"release/353968","Unreleased Hits","https://www.discogs.com/2Mex-Unreleased-Hits/master/353968","RELEASE"
"release/66427","Duck Season Vol. 2","https://www.discogs.com/Babu-The-Dilated-Junkie-Duck-Season-Vol-2/master/66427","RELEASE"
"release/70029","Project Blowed Presents The Good Brothers","https://www.discogs.com/The-Good-Brothers-Project-Blowed-Presents-The-Good-Brothers/master/70029","RELEASE"
"release/908796","60 Minute Mix","https://www.discogs.com/DJ-Vadim-60-Minute-Mix/master/908796","RELEASE"
"release/315311","Executive Decision (Business. Nothing Personal)","https://www.discogs.com/Bad-Azz-Executive-Decision-Business-Nothing-Personal/release/315311","RELEASE"
"release/572847","The Hop / Dark Ends","https://www.discogs.com/The-Likwit-Junkies-The-Hop-Dark-Ends/release/572847","RELEASE"
"release/1917993","Smoke Signals","https://www.discogs.com/LifeRexall-Smoke-Signals/release/1917993","RELEASE"
"release/2105602","The Draft Mixtape","https://www.discogs.com/DJ-Kool-Kasko-The-Draft-Mixtape/release/2105602","RELEASE"
"release/827011","Interim - En Selvoptaget CD - Koollektion 2003","https://www.discogs.com/Per-Vers-Interim-En-Selvoptaget-CD-Koollektion-2003/master/827011","RELEASE"
"release/238948","Fish Market - The Official Mixtape","https://www.discogs.com/Chali-2na-Fish-Market-The-Official-Mixtape/master/238948","RELEASE"
"release/25459","One With The Underdogs","https://www.discogs.com/Terror-One-With-The-Underdogs/master/25459","RELEASE"
"release/620892","Industry Standard","https://www.discogs.com/Ex-Vandalz-Industry-Standard/release/620892","RELEASE"
"release/713067","Find Us","https://www.discogs.com/FILTHEE-Immigrants-Find-Us/release/713067","RELEASE"
"release/902656","Talk Is Cheap","https://www.discogs.com/The-Pacifics-Talk-Is-Cheap/release/902656","RELEASE"
"release/1929621","Preemptive Hype Vol. 11","https://www.discogs.com/Various-Preemptive-Hype-Vol-11/release/1929621","RELEASE"
"release/3717987","Deadlivers Megamix","https://www.discogs.com/Grayskul-Deadlivers-Megamix/release/3717987","RELEASE"
"release/6169471","Proudly Presents: The Double Deez Tape, Vol. 1","https://www.discogs.com/DJ-Devious-Proudly-Presents-The-Double-Deez-Tape-Vol-1/release/6169471","RELEASE"
"release/9070008","Preemptive Hype Vol. 6","https://www.discogs.com/Various-Preemptive-Hype-Vol-6/release/9070008","RELEASE"
"release/16288208","Haunted Cities","https://www.discogs.com/Transplants-Haunted-Cities/release/16288208","RELEASE"
"release/156317","Reprogram","https://www.discogs.com/Boom-Bap-Project-Reprogram/master/156317","RELEASE"
"release/206503","The L.J.'s","https://www.discogs.com/The-Likwit-Junkies-The-LJs/master/206503","RELEASE"
"release/217342","Change","https://www.discogs.com/Self-Scientific-Change/master/217342","RELEASE"
"release/176456","Sunday's Chicken","https://www.discogs.com/The-Pacifics-Sundays-Chicken/master/176456","RELEASE"
"release/399208","Haunted Cities","https://www.discogs.com/Transplants-Haunted-Cities/master/399208","RELEASE"
"release/4171651","Never Surrender","https://www.discogs.com/Keepers-Of-The-Light-Never-Surrender/release/4171651","RELEASE"
"release/9941879","Corner Ensemble","https://www.discogs.com/Prince-Ali-Corner-Ensemble/release/9941879","RELEASE"
"release/94945","We Are The Ones (We've Been Waiting For)","https://www.discogs.com/Visionaries-We-Are-The-Ones-Weve-Been-Waiting-For/master/94945","RELEASE"
"release/60643","The Medicine","https://www.discogs.com/Planet-Asia-The-Medicine/master/60643","RELEASE"
"release/1041243","Joining Forces (The Harvest)","https://www.discogs.com/The-Hitfarmers-Joining-Forces-The-Harvest/release/1041243","RELEASE"
"release/1158407","Throwin Up Letters / Rough Rymes","https://www.discogs.com/Longevity-Throwin-Up-Letters-Rough-Rymes/release/1158407","RELEASE"
"release/1802580","Crop Circles","https://www.discogs.com/Visionaries-Crop-Circles/release/1802580","RELEASE"
"release/2131351","Finderlohn","https://www.discogs.com/Momentan-Finderlohn/release/2131351","RELEASE"
"release/2469280","Stormwatch","https://www.discogs.com/Evidence-Stormwatch/release/2469280","RELEASE"
"release/2897181","Die Stadtkinder Vom Landei","https://www.discogs.com/Momentan-Die-Stadtkinder-Vom-Landei/release/2897181","RELEASE"
"release/4172655","Beats From The Shell","https://www.discogs.com/DJ-Chopstix-Beats-From-The-Shell/release/4172655","RELEASE"
"release/9534676","Give An Example","https://www.discogs.com/The-No-Fakin-DJs-Give-An-Example/release/9534676","RELEASE"
"release/1531140","Curb Side Service","https://www.discogs.com/Prince-Ali-Curb-Side-Service/master/1531140","RELEASE"
"release/69916","The Weatherman LP","https://www.discogs.com/EV-The-Weatherman-LP/master/69916","RELEASE"
"release/1529662","Just Loop It","https://www.discogs.com/Sound-Survivors-Just-Loop-It/master/1529662","RELEASE"
"release/1475453","Main Event","https://www.discogs.com/Bash-Bros-Main-Event/release/1475453","RELEASE"
"release/1797731","Soundtracks 1.5","https://www.discogs.com/DJ-Deckstream-Soundtracks-15/release/1797731","RELEASE"
"release/3326673","Fast Lane Speedin'","https://www.discogs.com/JRPH7-Fast-Lane-Speedin/release/3326673","RELEASE"
"release/3518544","Away","https://www.discogs.com/Form-One-Away/release/3518544","RELEASE"
"release/4065666","No Apologies...","https://www.discogs.com/T-Love-No-Apologies/release/4065666","RELEASE"
"release/8163412","The Opening Act","https://www.discogs.com/Tassho-Pearce-The-Opening-Act/release/8163412","RELEASE"
"release/9908108","Figgkidd","https://www.discogs.com/Figgkidd-Figgkidd/release/9908108","RELEASE"
"release/13286260","Presents: Pete's Rhymes And Life - The Pete Rock Story","https://www.discogs.com/DJ-Osk-Presents-Petes-Rhymes-And-Life-The-Pete-Rock-Story/release/13286260","RELEASE"
"release/41555","Duck Season (Vol. 3)","https://www.discogs.com/Babu-Duck-Season-Vol-3/master/41555","RELEASE"
"release/323195","The Transcontinental","https://www.discogs.com/Roc-C-IMAKEMADBEATS-The-Transcontinental/master/323195","RELEASE"
"release/52385","Good Things","https://www.discogs.com/Looptroop-Rockers-Good-Things/master/52385","RELEASE"
"release/1724117","Audiobiograffiti","https://www.discogs.com/Deeskee-Audiobiograffiti/master/1724117","RELEASE"
"release/69920","The Layover EP","https://www.discogs.com/EV-The-Layover-EP/master/69920","RELEASE"
"release/76617","Operation Take Back Hip-Hop","https://www.discogs.com/Craig-G-Marley-Marl-Operation-Take-Back-Hip-Hop/master/76617","RELEASE"
"release/1015667","A New Season - The Prequel Mixtape","https://www.discogs.com/Form-One-A-New-Season-The-Prequel-Mixtape/master/1015667","RELEASE"
"release/181112","King Of The Decks","https://www.discogs.com/DJ-Revolution-King-Of-The-Decks/master/181112","RELEASE"
"release/1664537","Blaps, Rhymes & Life Vol. II","https://www.discogs.com/Illmind-Blaps-Rhymes-Life-Vol-II/release/1664537","RELEASE"
"release/2017766","IV","https://www.discogs.com/DJ-Honda-IV/release/2017766","RELEASE"
"release/2063867","Inglourious Basterds: The Features","https://www.discogs.com/Bash-Bros-Inglourious-Basterds-The-Features/release/2063867","RELEASE"
"release/2075315","Stylistics: Beats, Blaps & Slaps","https://www.discogs.com/Style-Misia-Stylistics-Beats-Blaps-Slaps/release/2075315","RELEASE"
"release/2121455","Velvet Ballads","https://www.discogs.com/Cradle-Orchestra-Velvet-Ballads/release/2121455","RELEASE"
"release/2248402","Street Sampler","https://www.discogs.com/DJ-Honda-Mixed-By-DJ-Shu-G-Street-Sampler/release/2248402","RELEASE"
"release/2419378","Set In Stone","https://www.discogs.com/Three-The-Hard-Way-Set-In-Stone/release/2419378","RELEASE"
"release/3400553","Science Team...Go!","https://www.discogs.com/The-Last-Emperor-Science-TeamGo/release/3400553","RELEASE"
"release/3457448","The Show Must Go On","https://www.discogs.com/DJ-Mo-B-The-Show-Must-Go-On/release/3457448","RELEASE"
"release/6429757","The Collabo Tapes Vol. 2","https://www.discogs.com/Q-Unique-The-Collabo-Tapes-Vol-2/release/6429757","RELEASE"
"release/7314809","Collective Elements","https://www.discogs.com/Collective-Elements-Collective-Elements/release/7314809","RELEASE"
"release/7741204","The Madness (Onye-Ala)","https://www.discogs.com/JPeriod-And-Nneka-The-Madness-Onye-Ala/release/7741204","RELEASE"
"release/8162947","Take It In Blood","https://www.discogs.com/Mykill-Miers-Take-It-In-Blood/release/8162947","RELEASE"
"release/11540855","10+20+30","https://www.discogs.com/Per-Vers-102030/release/11540855","RELEASE"
"release/12277715","Première Pierre À L'Édifice","https://www.discogs.com/La-Dixion-Premi%C3%A8re-Pierre-L%C3%89difice/release/12277715","RELEASE"
"release/13018584","The Eye Exam Prequel To Vision","https://www.discogs.com/Jern-Eye-The-Eye-Exam-Prequel-To-Vision/release/13018584","RELEASE"
"release/1695751","Late Night Special","https://www.discogs.com/Richie-Cunning-Late-Night-Special/master/1695751","RELEASE"
"release/239009","Ground Original 2: No Sell Out","https://www.discogs.com/DJ-JS-1-Ground-Original-2-No-Sell-Out/master/239009","RELEASE"
"release/1154525","Status","https://www.discogs.com/Per-Vers-Status/master/1154525","RELEASE"
"release/1860093","The Trojan Horse","https://www.discogs.com/Snowgoons-The-Trojan-Horse/master/1860093","RELEASE"
"release/2096807","Voices From The OverGround: A Sardonic Smirk Mix","https://www.discogs.com/Various-Voices-From-The-OverGround-A-Sardonic-Smirk-Mix/release/2096807","RELEASE"
"release/2105154","The Search & The Seizure Mixtape","https://www.discogs.com/Zion-I-The-Search-The-Seizure-Mixtape/release/2105154","RELEASE"
"release/2446931","Μια Νύχτα Μετά Την Τελευταία Μέρα","https://www.discogs.com/Orthologistes-%CE%9C%CE%B9%CE%B1-%CE%9D%CF%8D%CF%87%CF%84%CE%B1-%CE%9C%CE%B5%CF%84%CE%AC-%CE%A4%CE%B7%CE%BD-%CE%A4%CE%B5%CE%BB%CE%B5%CF%85%CF%84%CE%B1%CE%AF%CE%B1-%CE%9C%CE%AD%CF%81%CE%B1/release/2446931","RELEASE"
"release/2469535","http://montageone.com 10.6.2 OGX","https://www.discogs.com/Montage-One-httpmontageonecom-1062-OGX/release/2469535","RELEASE"
"release/2576013","RUN VIE","https://www.discogs.com/Various-RUN-VIE/release/2576013","RELEASE"
"release/4073386","The Manifesto","https://www.discogs.com/MC-Kean-The-Manifesto/release/4073386","RELEASE"
"release/4941515","Deckstream Soundtracks Mixed ","https://www.discogs.com/DJ-Deckstream-Deckstream-Soundtracks-Mixed-/release/4941515","RELEASE"
"release/5304399","New World Symphony","https://www.discogs.com/Chosen-Few-New-World-Symphony/release/5304399","RELEASE"
"release/5562151","It's About That Time","https://www.discogs.com/Crate-Creeps-Its-About-That-Time/release/5562151","RELEASE"
"release/6514037","Rap Is Alive Vol. 2","https://www.discogs.com/DJ-Mitch-Cuts-Rap-Is-Alive-Vol-2/release/6514037","RELEASE"
"release/1882338","I Don't Need Love","https://www.discogs.com/EV-I-Dont-Need-Love/master/1882338","RELEASE"
"release/707841","De Laatste Dag","https://www.discogs.com/Jerome-XL-De-Laatste-Dag/master/707841","RELEASE"
"release/265489","Global Takeover 2: Nu World","https://www.discogs.com/El-Da-Sensei-The-Returners-Global-Takeover-2-Nu-World/master/265489","RELEASE"
"release/3065875","Rhythmeticulous","https://www.discogs.com/Style-Misia-Rhythmeticulous/release/3065875","RELEASE"
"release/3298204","The Latch Key Kid Chronicles","https://www.discogs.com/Breeze-The-Latch-Key-Kid-Chronicles/release/3298204","RELEASE"
"release/4285252","Latch Key Kid Chronicles","https://www.discogs.com/Dj-Breeze-Latch-Key-Kid-Chronicles/release/4285252","RELEASE"
"release/4297732","The Rapture","https://www.discogs.com/Krazy-Race-The-Rapture/release/4297732","RELEASE"
"release/370083","Cats & Dogs","https://www.discogs.com/Evidence-Cats-Dogs/master/370083","RELEASE"
"release/1781173","Monsters II","https://www.discogs.com/Swollen-Members-Monsters-II/master/1781173","RELEASE"
"release/3938731","RICANstruction 'The Black Rosary'","https://www.discogs.com/Chino-XL-RICANstruction-The-Black-Rosary/release/3938731","RELEASE"
"release/4609598","So Far, So Good","https://www.discogs.com/JR-PH7-So-Far-So-Good/release/4609598","RELEASE"
"release/7010091","The Awakening","https://www.discogs.com/Sirkle-Of-Sound-The-Awakening/release/7010091","RELEASE"
"release/7219909","Dredgar Cayce","https://www.discogs.com/Banish-Dredgar-Cayce/release/7219909","RELEASE"
"release/8337047","Orjinal","https://www.discogs.com/Killa-Hakan-Orjinal/release/8337047","RELEASE"
"release/14309091","Collabs & Features","https://www.discogs.com/Banish-Collabs-Features/release/14309091","RELEASE"
"release/1117661","1000 Screaming Kamikaze’s","https://www.discogs.com/Blown-Celeb-1000-Screaming-Kamikazes/master/1117661","RELEASE"
"release/5210550","În Sfârșit","https://www.discogs.com/Vlad-Dobrescu-%C3%8En-Sf%C3%A2r%C8%99it/release/5210550","RELEASE"
"release/5323249","King Of Features","https://www.discogs.com/My-G-King-Of-Features/release/5323249","RELEASE"
"release/6478203","Blaq Tongue Society","https://www.discogs.com/Blaq-Tongue-Society-Blaq-Tongue-Society/release/6478203","RELEASE"
"release/7586278","Nice Vibez","https://www.discogs.com/Collective-Elements-Nice-Vibez/release/7586278","RELEASE"
"release/8082087","Invent The Future","https://www.discogs.com/Truth-Universal-Invent-The-Future/release/8082087","RELEASE"
"release/10739515","Sad Songz","https://www.discogs.com/Rich-Quick-Sad-Songz/release/10739515","RELEASE"
"release/11114454","Kiwi Hit Disc 162 - August | 2013","https://www.discogs.com/Various-Kiwi-Hit-Disc-162-August-2013/release/11114454","RELEASE"
"release/632999","Black Snow 2","https://www.discogs.com/Snowgoons-Black-Snow-2/master/632999","RELEASE"
"release/644029","After The Fact","https://www.discogs.com/LMNO-After-The-Fact/master/644029","RELEASE"
"release/5485278","Pirát","https://www.discogs.com/Separ-Pir%C3%A1t/release/5485278","RELEASE"
"release/7088815","Beats Many","https://www.discogs.com/ManyBeats-Beats-Many/release/7088815","RELEASE"
"release/872999","Face The Facts","https://www.discogs.com/Pawz-One-Face-The-Facts/master/872999","RELEASE"
"release/756812","Blasphemy","https://www.discogs.com/Apollo-Brown-Ras-Kass-Blasphemy/master/756812","RELEASE"
"release/721571","Directors Of Photography","https://www.discogs.com/Dilated-Peoples-Directors-Of-Photography/master/721571","RELEASE"
"release/758262","The Cardinal Sin","https://www.discogs.com/Prop-Dylan-The-Cardinal-Sin/master/758262","RELEASE"
"release/7196320","Damn It Feels Good Vol. 2","https://www.discogs.com/DJ-Rahapula-Damn-It-Feels-Good-Vol-2/release/7196320","RELEASE"
"release/9924244","Gods Bleed","https://www.discogs.com/Detane-Gods-Bleed/release/9924244","RELEASE"
"release/9982103","The Best Of Snowgoons","https://www.discogs.com/Snowgoons-The-Best-Of-Snowgoons/release/9982103","RELEASE"
"release/12045943","Cartoon Boyfriend","https://www.discogs.com/2Mex-Cartoon-Boyfriend/release/12045943","RELEASE"
"release/11063311","The Crackson Heights Project","https://www.discogs.com/Danny-Diablo-The-Crackson-Heights-Project/release/11063311","RELEASE"
"release/11383898","Juice CD No. 140","https://www.discogs.com/Various-Juice-CD-No-140/release/11383898","RELEASE"
"release/12440282","Watch The Pendulum Swing","https://www.discogs.com/Es-Nine-Watch-The-Pendulum-Swing/release/12440282","RELEASE"
"release/1294285","Rare Poise","https://www.discogs.com/Defari-Rare-Poise/master/1294285","RELEASE"
"release/1177046","Warporn Industries","https://www.discogs.com/Warporn-Industries-aka-Everlast-Sick-Jacken-Divine-Styler-Warporn-Industries/master/1177046","RELEASE"
"release/12127834","West End 16 ","https://www.discogs.com/Maylay-Sparks-West-End-16-/release/12127834","RELEASE"
"release/13940813","Supreme Paradigm Act I: The Grand Scheme","https://www.discogs.com/Wisecrvcker-Supreme-Paradigm-Act-I-The-Grand-Scheme/release/13940813","RELEASE"
"release/32278","The Muzapper's Mixes LP","https://www.discogs.com/Latyrx-The-Muzappers-Mixes/master/32278","RELEASE"
"release/1735943","Auditory Vision","https://www.discogs.com/Parallax-Auditory-Vision/master/1735943","RELEASE"
"release/1304466","Weather Or Not","https://www.discogs.com/Evidence-Weather-Or-Not/master/1304466","RELEASE"
"release/16750899","Shadows Of War","https://www.discogs.com/Mic-Bles-Shadows-Of-War/release/16750899","RELEASE"
"release/3570576","In Case You Haven't Heard","https://www.discogs.com/Babu-In-Case-You-Havent-Heard/release/3570576","RELEASE"
"release/5459408","Singles Volume One","https://www.discogs.com/2Mex-Singles-Volume-One/release/5459408","RELEASE"
"release/9321978","The Tune Up","https://www.discogs.com/P-Love-The-Tune-Up/release/9321978","RELEASE"
"release/9758153","Word 2 The Mutha","https://www.discogs.com/DJ-Double-S-4-Busdeez-Word-2-The-Mutha/release/9758153","RELEASE"
"release/12789540","Hip Hop Bluntz 7","https://www.discogs.com/DJ-Menas-Hip-Hop-Bluntz-7/release/12789540","RELEASE"
"release/13733339","Providence East Report Volume 2","https://www.discogs.com/DJ-Polo-Providence-East-Report-Volume-2/release/13733339","RELEASE"
"release/1356283","Old World Chaos - Original Soundtrack","https://www.discogs.com/Various-Old-World-Chaos-Original-Soundtrack/release/1356283","RELEASE"
"release/6451476","Vol 5 Underground Revenge","https://www.discogs.com/DJ-Elyes-Vol-5-Underground-Revenge/release/6451476","RELEASE"
"release/1437398","The 12' Bootlegs + Mo'","https://www.discogs.com/DJ-Rob-One-Presents-The-Shape-Shifters-The-12-Bootlegs-Mo/release/1437398","RELEASE"
"release/1566052","Mixtape Number 1","https://www.discogs.com/DJ-Tompa-T-Mixtape-Number-1/release/1566052","RELEASE"
"release/1731710","Neck Exersize Vol. 2","https://www.discogs.com/DJ-HOP-Mike-Czech-Neck-Exersize-Vol-2/release/1731710","RELEASE"
"release/3791749","Rare And Rugged","https://www.discogs.com/Various-Rare-And-Rugged/release/3791749","RELEASE"
"release/4632480","A Hip Hop Nu Gruv Alliance Sampler - Winter/Spring 1999","https://www.discogs.com/Various-A-Hip-Hop-Nu-Gruv-Alliance-Sampler-WinterSpring-1999/release/4632480","RELEASE"
"release/6461238","La Combinaison (100% Rap US)","https://www.discogs.com/DJ-Lord-Chamy-DJ-James-La-Combinaison-100-Rap-US/release/6461238","RELEASE"
"release/6688024","Triple Optic View","https://www.discogs.com/DJ-Em-O-Dee-Triple-Optic-View/release/6688024","RELEASE"
"release/15666029","A Hip Hop Nu Gruv Alliance Sampler - Winter/Spring 1999","https://www.discogs.com/Various-A-Hip-Hop-Nu-Gruv-Alliance-Sampler-WinterSpring-1999/release/15666029","RELEASE"
"release/1758270","Fly Me Too The Moon","https://www.discogs.com/GZ-Jay-Fly-Me-Too-The-Moon/master/1758270","RELEASE"
"release/51164","O.L.C. (Operation Left Coast)","https://www.discogs.com/Various-OLC-Operation-Left-Coast/master/51164","RELEASE"
"release/1723865","As The Tables Turn","https://www.discogs.com/Mike-Czech-DJ-Demon-As-The-Tables-Turn/release/1723865","RELEASE"
"release/6394937","Original Bombattak: Remixtape Spécial 20Syl","https://www.discogs.com/20Syl-Feat-DJ-Greem-DJ-Atom-Original-Bombattak-Remixtape-Sp%C3%A9cial-20Syl/release/6394937","RELEASE"
"release/6656364","Lady Hamilton 2","https://www.discogs.com/DJ-Machrome-Deckstar-89-Lady-Hamilton-2/release/6656364","RELEASE"
"release/6905862","Hip Hop Breuvage 2","https://www.discogs.com/PrayOne-Hip-Hop-Breuvage-2/release/6905862","RELEASE"
"release/262515","Masters Of The 1 & 2 - History's Greatest DJ's","https://www.discogs.com/Various-Masters-Of-The-1-2-Historys-Greatest-DJs/master/262515","RELEASE"
"release/150406","The Unbound Project Volume 1","https://www.discogs.com/Various-The-Unbound-Project-Volume-1/master/150406","RELEASE"
"release/1745997","Tape #35","https://www.discogs.com/DJ-BK-Tape-35/release/1745997","RELEASE"
"release/1976214","URB - Future:Music:Culture: Subscriber Premium V.17","https://www.discogs.com/Various-URB-FutureMusicCulture-Subscriber-Premium-V17/release/1976214","RELEASE"
"release/2190314","Total Destruction 14","https://www.discogs.com/DJ-Beatwars-Total-Destruction-14/release/2190314","RELEASE"
"release/2560208","Look.Emotionz","https://www.discogs.com/DJ-Kodh-LookEmotionz/release/2560208","RELEASE"
"release/7611265","Enter The Dragon Pt. II","https://www.discogs.com/DJ-Fu-Stylez-Enter-The-Dragon-Pt-II/release/7611265","RELEASE"
"release/8079664","Classic Sound - Alternative Version","https://www.discogs.com/Melo-D-Classic-Sound-Alternative-Version/release/8079664","RELEASE"
"release/9211090","Blend Up The Spot","https://www.discogs.com/DJ-Backup-DJ-Kerny-Blend-Up-The-Spot/release/9211090","RELEASE"
"release/9453840","Twirled Things","https://www.discogs.com/DJCrum-The-Distorted-Mindz-Twirled-Things/release/9453840","RELEASE"
"release/9657277","Mixtape 0","https://www.discogs.com/DJ-Atom-Mixtape-0/release/9657277","RELEASE"
"release/11502083","Cornerstone Mixtape - Vol. 31 - Aug. 2001","https://www.discogs.com/Babu-DJ-Roy-Barboza-Cornerstone-Mixtape-Vol-31-Aug-2001/release/11502083","RELEASE"
"release/12041788","Import Tuner Magazine Presents Required Audio V.1.01 Featuring Zulu King DJ Mark Luv","https://www.discogs.com/Various-Import-Tuner-Magazine-Presents-Required-Audio-V101-Featuring-Zulu-King-DJ-Mark-Luv/release/12041788","RELEASE"
"release/13115377","I Like My Radio Loud","https://www.discogs.com/DJ-Vadim-I-Like-My-Radio-Loud/release/13115377","RELEASE"
"release/15579383","Exhilarating Archive","https://www.discogs.com/Edward-Sizzerhand-DJ-Ray-D-Exhilarating-Archive/release/15579383","RELEASE"
"release/1760359","Pole Position","https://www.discogs.com/DJ-Hype-Pole-Position/release/1760359","RELEASE"
"release/2434313","Music From Senior Year","https://www.discogs.com/Various-Music-From-Senior-Year/release/2434313","RELEASE"
"release/2632437","Klan Nr 23","https://www.discogs.com/Various-Klan-Nr-23/release/2632437","RELEASE"
"release/3151560","100% Rap Us","https://www.discogs.com/DJ-Danicko-Raw-Dee-100-Rap-Us/release/3151560","RELEASE"
"release/3590486","Music 4 Blind People","https://www.discogs.com/HR-Minute-Music-4-Blind-People/release/3590486","RELEASE"
"release/3608441","Underground Radio","https://www.discogs.com/DJ-Skare-Crook-One-Underground-Radio/release/3608441","RELEASE"
"release/6629022","All Star Conference","https://www.discogs.com/DJ-DSyde-DJ-Elix-All-Star-Conference/release/6629022","RELEASE"
"release/7967106","Hip Hop Breuvage 3","https://www.discogs.com/DJ-PrayOne-Hip-Hop-Breuvage-3/release/7967106","RELEASE"
"release/14403047","Fat Daddy Hip-Hop FD #20","https://www.discogs.com/Fat-Daddy-Fat-Daddy-Hip-Hop-FD-20/release/14403047","RELEASE"
"release/14403846","Fat Daddy Hip-Hop No. 19","https://www.discogs.com/Fat-Daddy-Fat-Daddy-Hip-Hop-No-19/release/14403846","RELEASE"
"release/15713037","National Vinyl Association: Straight From The Crates, Vol.1","https://www.discogs.com/Various-National-Vinyl-Association-Straight-From-The-Crates-Vol1/release/15713037","RELEASE"
"release/725602","Presents: Ends To Means / Do For Self","https://www.discogs.com/Babu-Presents-Ends-To-Means-Do-For-Self/release/725602","RELEASE"
"release/1560451","National Vinyl Association Sampler: Straight From The Crates Vol 1","https://www.discogs.com/Various-National-Vinyl-Association-Sampler-Straight-From-The-Crates-Vol-1/release/1560451","RELEASE"
"release/3285602","Nov. / Dec. 2003 Sampler","https://www.discogs.com/DJ-Food-Stamp-Nov-Dec-2003-Sampler/release/3285602","RELEASE"
"release/5086826","Jew-Tang Clan Presents Stacks The Audio Series Vol. 3","https://www.discogs.com/Jew-Tang-Clan-Jew-Tang-Clan-Presents-Stacks-The-Audio-Series-Vol-3/release/5086826","RELEASE"
"release/6535727","One Love","https://www.discogs.com/DJ-Crates-One-Love/release/6535727","RELEASE"
"release/6884810","The Reconstruction Site Hosted by The Fingerbangerz Crew","https://www.discogs.com/Fingerbangerz-The-Reconstruction-Site-Hosted-by-The-Fingerbangerz-Crew/release/6884810","RELEASE"
"release/10506070","We Came From Beyond (Best Of KZLU Bonus CD","https://www.discogs.com/Mike-Nardone-We-Came-From-Beyond-Best-Of-KZLU-Bonus-CD/release/10506070","RELEASE"
"release/12235328","H.I.V.: Vol. 2 (The Cure)","https://www.discogs.com/The-DJ-Strong-HIV-Vol-2-The-Cure/release/12235328","RELEASE"
"release/14403339","Punks Jump Up To Get Beatdown Mix #22","https://www.discogs.com/Fat-Daddy-Punks-Jump-Up-To-Get-Beatdown-Mix-22/release/14403339","RELEASE"
"release/15260100","Ecko Holiday Hook Up 2","https://www.discogs.com/DJ-Excel-7-DJ-JaySki-DJ-A-Vee-JPeriod-Ecko-Holiday-Hook-Up-2/release/15260100","RELEASE"
"release/15676532","Cornerstone Mixtape Nov. '03 / #56","https://www.discogs.com/Mick-Boogie-DJ-Don-Q-Clinton-Sparks-Cornerstone-Mixtape-Nov-03-56/release/15676532","RELEASE"
"release/842770","Definition","https://www.discogs.com/DJ-Mu-R-Definition/master/842770","RELEASE"
"release/83765","National Vinyl Association: Straight From The Crates","https://www.discogs.com/Various-National-Vinyl-Association-Straight-From-The-Crates/master/83765","RELEASE"
"release/9825098","Raputation Vol. 3","https://www.discogs.com/DJ-Marius-No-1-Raputation-Vol-3/release/9825098","RELEASE"
"release/775707","Orchestrated B-Boy Screams","https://www.discogs.com/Chocaholics-Orchestrated-B-Boy-Screams/release/775707","RELEASE"
"release/864258","DJ Mix By Ollie Teeba","https://www.discogs.com/The-Herbaliser-DJ-Mix-By-Ollie-Teeba/release/864258","RELEASE"
"release/1864148","Rewire Two","https://www.discogs.com/Nocturne-Rewire-Two/release/1864148","RELEASE"
"release/12373291","Smash Bredrens Mixtape","https://www.discogs.com/DJ-Mike-Dangerous-Smash-Bredrens-Mixtape/release/12373291","RELEASE"
"release/15389925","Bring About","https://www.discogs.com/DJ-Tsu-Bring-About/release/15389925","RELEASE"
"release/1464996","The Welcome To Seattle Mix Tape","https://www.discogs.com/Boom-Bap-Project-The-Welcome-To-Seattle-Mix-Tape/master/1464996","RELEASE"
"release/693915","Fabriclive. 26 (Radio Mix)","https://www.discogs.com/The-Herbaliser-Fabriclive-26-Radio-Mix/release/693915","RELEASE"
"release/1370309","The World Is Ours","https://www.discogs.com/K-Salaam-With-Beatnick-The-World-Is-Ours/release/1370309","RELEASE"
"release/1883237","Invisible Enemy Mixtape Vol. 2","https://www.discogs.com/Deeskee-Invisible-Enemy-Mixtape-Vol-2/release/1883237","RELEASE"
"release/2615687","Infamy: Music Inspired By The Film","https://www.discogs.com/Various-Infamy-Music-Inspired-By-The-Film/release/2615687","RELEASE"
"release/3791203","Dilated Steady (20/20 Official Mixtape)","https://www.discogs.com/Strong-Arm-Steady-Dilated-Peoples-Dilated-Steady-2020-Official-Mixtape/release/3791203","RELEASE"
"release/6434889","Best Of Dilated Peoples","https://www.discogs.com/DJ-Food-Stamp-Best-Of-Dilated-Peoples/release/6434889","RELEASE"
"release/69361","2K7","https://www.discogs.com/Dan-The-Automator-2K7/master/69361","RELEASE"
"release/1167427","Graffiti Brydge (Docile Takeover Vol. 1)","https://www.discogs.com/Ex-Vandalz-Graffiti-Brydge-Docile-Takeover-Vol-1/release/1167427","RELEASE"
"release/5736297","Premier Blends","https://www.discogs.com/DJ-Food-Stamp-Premier-Blends/release/5736297","RELEASE"
"release/1037972","The Release Party","https://www.discogs.com/Dilated-Peoples-The-Release-Party/master/1037972","RELEASE"
"release/1700748","Stray Bullets","https://www.discogs.com/Guilty-Simpson-Stray-Bullets/master/1700748","RELEASE"
"release/1570491","Decon Presents: Fresh Rhymes And Videotape","https://www.discogs.com/Various-Decon-Presents-Fresh-Rhymes-And-Videotape/release/1570491","RELEASE"
"release/15305748","Sound Contact #12","https://www.discogs.com/Mista-Donut-Sound-Contact-12/release/15305748","RELEASE"
"release/310935","Whose World Is This?","https://www.discogs.com/K-Salaam-Beatnick-Whose-World-Is-This/master/310935","RELEASE"
"release/326425","The Standard","https://www.discogs.com/JR-PH7-The-Standard/master/326425","RELEASE"
"release/634147","Jews, Paid Too!","https://www.discogs.com/Greenpeace-DJ-Yoda-Jews-Paid-Too/master/634147","RELEASE"
"release/1033584","Great Beat Writer (Mix Tape)","https://www.discogs.com/Jake-One-Great-Beat-Writer-Mix-Tape/master/1033584","RELEASE"
"release/2105606","Going Back 2 Cali","https://www.discogs.com/Seven-One-Going-Back-2-Cali/release/2105606","RELEASE"
"release/4598306","Hip Hop Anthology","https://www.discogs.com/Various-Hip-Hop-Anthology/release/4598306","RELEASE"
"release/7159394","Hip Hop Anthology","https://www.discogs.com/Various-Hip-Hop-Anthology/release/7159394","RELEASE"
"release/10800100","Lord Faz presents Beat Trotterz Mixtape Volume #01 Starring Verbal Kent","https://www.discogs.com/Lord-Faz-Verbal-Kent-Lord-Faz-presents-Beat-Trotterz-Mixtape-Volume-01-Starring-Verbal-Kent/release/10800100","RELEASE"
"release/2298412","Juice CD Volume 107","https://www.discogs.com/Various-Juice-CD-Volume-107/release/2298412","RELEASE"
"release/2612823","Decon Presents Never Not Fresh","https://www.discogs.com/Various-Decon-Presents-Never-Not-Fresh/release/2612823","RELEASE"
"release/3932161","Banished From Home - The Mixtape","https://www.discogs.com/Sicknature-Snowgoons-Banished-From-Home-The-Mixtape/release/3932161","RELEASE"
"release/9667653","Fresh Mode","https://www.discogs.com/DJ-Kiyo-Fresh-Mode/release/9667653","RELEASE"
"release/11537263","Rarekind Podcast Episode 2","https://www.discogs.com/Various-Rarekind-Podcast-Episode-2/release/11537263","RELEASE"
"release/1477444","At Work Another Remixes","https://www.discogs.com/Various-At-Work-Another-Remixes/master/1477444","RELEASE"
"release/3104439","Dirty Hands Volume 3","https://www.discogs.com/DJ-Duke-Dirty-Hands-Volume-3/release/3104439","RELEASE"
"release/5709773","Terminal 3 Presents The Academy","https://www.discogs.com/Various-Terminal-3-Presents-The-Academy/release/5709773","RELEASE"
"release/7740996","Bombs Away! - Dissizt Mixtape #4","https://www.discogs.com/Various-Mixed-By-Phoreyz-Bombs-Away-Dissizt-Mixtape-4/release/7740996","RELEASE"
"release/14793782","20syl's Remix Tape 1999","https://www.discogs.com/20Syl-20syls-Remix-Tape-1999/release/14793782","RELEASE"
"release/10150574","No = Equal","https://www.discogs.com/DJ-Wara-No-Equal/release/10150574","RELEASE"
"release/4493614","Beat Junkie Sound Presents The Beat Junkie Picture Disc Collection","https://www.discogs.com/Beat-Junkie-Sound-Beat-Junkie-Sound-Presents-The-Beat-Junkie-Picture-Disc-Collection/release/4493614","RELEASE"
"release/7359560","Golden Era","https://www.discogs.com/Solrac-Tracks-And-DJ-Push-Play-Golden-Era/release/7359560","RELEASE"
"release/12503391","Nocturnal","https://www.discogs.com/DJ-Mukeccho-Nocturnal/release/12503391","RELEASE"
"release/11797510","Simplicity","https://www.discogs.com/Various-Simplicity/release/11797510","RELEASE"
"release/11835557","Can't Be Stopped: The Soundtrack","https://www.discogs.com/Various-Cant-Be-Stopped-The-Soundtrack/release/11835557","RELEASE"
"release/16063520","Murderous Poetry Part 3","https://www.discogs.com/American-Poets-2099-Murderous-Poetry-Part-3/release/16063520","RELEASE"
"release/3045938","Hans Dampf In Allen Gassen","https://www.discogs.com/DJ-5ter-Ton-DJ-Hilmatic-Hans-Dampf-In-Allen-Gassen/release/3045938","RELEASE"
"release/3505259","Underground Emcees Pt.6: 'Return Of The Real'","https://www.discogs.com/Stocktown-Tapes-Presents-ABomb-Underground-Emcees-Pt6-Return-Of-The-Real/release/3505259","RELEASE"
"release/4643643","Jiggy Free","https://www.discogs.com/DJ-Greenpeace-Jiggy-Free/release/4643643","RELEASE"
"release/5229973","Underground Cowboy Vol.2","https://www.discogs.com/The-Allies-Present-J-Smoke-Feat-DJ-Craze-Underground-Cowboy-Vol2/release/5229973","RELEASE"
"release/5515757","Space Invaders ","https://www.discogs.com/DJ-Ragz-Space-Invaders-/release/5515757","RELEASE"
"release/9839346","between WAR & LOVE","https://www.discogs.com/Werd-between-WAR-LOVE/release/9839346","RELEASE"
"release/10163271","Fuck The Radio Volume 1","https://www.discogs.com/DJ-Wicked-Fuck-The-Radio-Volume-1/release/10163271","RELEASE"
"release/12006571","Heavy Rotation Vol. 6","https://www.discogs.com/DJ-Heavy-Heavy-Rotation-Vol-6/release/12006571","RELEASE"
"release/15508849","On The Edge","https://www.discogs.com/DJ-Cream-On-The-Edge/release/15508849","RELEASE"
"release/3591556","Remixes","https://www.discogs.com/Various-Remixes/release/3591556","RELEASE"
"release/1236407","Rap Remix Project Volume 4","https://www.discogs.com/Various-Rap-Remix-Project-Volume-4/release/1236407","RELEASE"
"release/1477377","Imagery, Battle Hymns & Political Poetry","https://www.discogs.com/Dilated-Peoples-Imagery-Battle-Hymns-Political-Poetry/master/1477377","RELEASE"
"release/37944","It Ain't Nuttin' / Time To Build / Distinguished Jamaican English","https://www.discogs.com/The-Herbaliser-Featuring-Blade-3-Phi-Life-Cypher-Time-To-Build-Distinguished-Jamaican-English/master/37944","RELEASE"
"release/332680","Hold On","https://www.discogs.com/Science-Fiction-Feat-MF-Doom-Hold-On/release/332680","RELEASE"
"release/14828943","Don't Break My Heart","https://www.discogs.com/Nicolay-featuring-U-Gene-Dont-Break-My-Heart/release/14828943","RELEASE"
"release/2660939","City Lights Volume I","https://www.discogs.com/Nicolay-City-Lights-Volume-I/release/2660939","RELEASE"
"release/559210","The Dutch Masters Vol. 1","https://www.discogs.com/Nicolay-The-Dutch-Masters-Vol-1/release/559210","RELEASE"
"release/204815","The Dutch Masters Vol. 1","https://www.discogs.com/Nicolay-The-Dutch-Masters-Vol-1/master/204815","RELEASE"
"release/125890","City Lights Volume 1.5","https://www.discogs.com/Nicolay-City-Lights-Volume-15/master/125890","RELEASE"
"release/1007665","I Am The Man / I Love The Way You Love","https://www.discogs.com/Nicolay-I-Am-The-Man-I-Love-The-Way-You-Love/release/1007665","RELEASE"
"release/1008675","From Across The Pond","https://www.discogs.com/Mr-Scruff-Nicolay-From-Across-The-Pond/release/1008675","RELEASE"
"release/3741676","Here B-Sides","https://www.discogs.com/Nicolay-Here-B-Sides/release/3741676","RELEASE"
"release/125891","Here","https://www.discogs.com/Nicolay-Here/master/125891","RELEASE"
"release/1103791","Tight Eyes / Stop My Way","https://www.discogs.com/Nicolay-Kay-Tight-Eyes-Stop-My-Way/release/1103791","RELEASE"
"release/1596949","Afro Collabo Volume 1","https://www.discogs.com/DJ-Jamad-Nicolay-Afro-Collabo-Volume-1/release/1596949","RELEASE"
"release/194474","Time:Line","https://www.discogs.com/Nicolay-Kay-TimeLine/master/194474","RELEASE"
"release/1958800","City Lights Volume 2: Shibuya","https://www.discogs.com/Nicolay-City-Lights-Volume-2-Shibuya/release/1958800","RELEASE"
"release/10541286","Shibuya Session EP","https://www.discogs.com/Nicolay-With-The-Hot-At-Nights-Shibuya-Session-EP/release/10541286","RELEASE"
"release/7139013","City Lights Volume 3: Soweto","https://www.discogs.com/Nicolay-City-Lights-Volume-3-Soweto/release/7139013","RELEASE"
"release/1395701","Glaciers","https://www.discogs.com/NicolayHot-At-Nights-Glaciers/master/1395701","RELEASE"
"release/110640","You've Got My Love","https://www.discogs.com/Bastian-Youve-Got-My-Love/master/110640","RELEASE"
"release/1302558","N.C. State Of Mind","https://www.discogs.com/Justus-League-NC-State-Of-Mind/release/1302558","RELEASE"
"release/536212","Scion CD Sampler V. 9","https://www.discogs.com/DJ-Haul-Mason-Scion-CD-Sampler-V-9/release/536212","RELEASE"
"release/649393","The Chittlin' Circuit - The Mixtape","https://www.discogs.com/Little-Brother-The-Chittlin-Circuit-The-Mixtape/release/649393","RELEASE"
"release/92938","Connected","https://www.discogs.com/The-Foreign-Exchange-Connected/master/92938","RELEASE"
"release/1761435","Connected EP","https://www.discogs.com/The-Foreign-Exchange-Connected-EP/master/1761435","RELEASE"
"release/532889","Virgin Ubiquity Remixed EP 2","https://www.discogs.com/Roy-Ayers-Virgin-Ubiquity-Remixed-EP-2/release/532889","RELEASE"
"release/1309907","Unreleased Remixes Vol. 1","https://www.discogs.com/Supastition-Unreleased-Remixes-Vol-1/release/1309907","RELEASE"
"release/1929573","Preemptive Hype Vol. 8","https://www.discogs.com/Various-Preemptive-Hype-Vol-8/release/1929573","RELEASE"
"release/5766949","Us Vs. Them","https://www.discogs.com/The-Chapter-Us-Vs-Them/release/5766949","RELEASE"
"release/9070714","Preemptive Hype Vol. 7","https://www.discogs.com/Various-Preemptive-Hype-Vol-7/release/9070714","RELEASE"
"release/125894","Galactic Soul - Cosmic Street Soul Classics","https://www.discogs.com/Various-Galactic-Soul-Cosmic-Street-Soul-Classics/master/125894","RELEASE"
"release/988105","Lace","https://www.discogs.com/DNell-Lace/master/988105","RELEASE"
"release/6360","The Chittlin Circuit 1.5","https://www.discogs.com/Little-Brother-The-Chittlin-Circuit-15/master/6360","RELEASE"
"release/324222","Grateful","https://www.discogs.com/Pete-Philly-Perquisite-Grateful/master/324222","RELEASE"
"release/1207826","Hang On / Floatin","https://www.discogs.com/The-Primeridian-Hang-On-Floatin/release/1207826","RELEASE"
"release/9781529","Un!ted Grooves Hip Hop+R'N'B 2006","https://www.discogs.com/Various-Unted-Grooves-Hip-HopRNB-2006/release/9781529","RELEASE"
"release/623253","Keep It Dippin'","https://www.discogs.com/Seymour-Bits-Keep-It-Dippin/master/623253","RELEASE"
"release/221372","Virgin Ubiquity Remixed","https://www.discogs.com/Roy-Ayers-Virgin-Ubiquity-Remixed/master/221372","RELEASE"
"release/1033024","Remindstate","https://www.discogs.com/Pete-Philly-Perquisite-Remindstate/release/1033024","RELEASE"
"release/1173681","Soulution - Seek Remixes","https://www.discogs.com/Solaa-Soulution-Seek-Remixes/release/1173681","RELEASE"
"release/2614620","Salvatore Ferragamo","https://www.discogs.com/Various-Salvatore-Ferragamo/release/2614620","RELEASE"
"release/2905557","The Travels Of Windimoto","https://www.discogs.com/Windimoto-The-Travels-Of-Windimoto/release/2905557","RELEASE"
"release/4481145","Lonely Nights Of A Lonely Cheek","https://www.discogs.com/Shin-Ski-Of-Martiangang-Lonely-Nights-Of-A-Lonely-Cheek/release/4481145","RELEASE"
"release/125892","Leave It All Behind","https://www.discogs.com/The-Foreign-Exchange-Leave-It-All-Behind/master/125892","RELEASE"
"release/2645208","The Re-Route","https://www.discogs.com/Panacea-The-Re-Route/release/2645208","RELEASE"
"release/15917782","Remixes","https://www.discogs.com/Deborah-Jordan-Remixes/release/15917782","RELEASE"
"release/3656913","Manor Mindstate (Nicolay Remix) / On Ten","https://www.discogs.com/The-Chapter-Manor-Mindstate-Nicolay-Remix-On-Ten/release/3656913","RELEASE"
"release/1294828","Whatever You Say / Light It Up","https://www.discogs.com/Little-Brother-Whatever-You-Say-Light-It-Up/master/1294828","RELEASE"
"release/345110","Sincere","https://www.discogs.com/The-Foreign-Exchange-Sincere/release/345110","RELEASE"
"release/1302362","The Perfection Experiment 2","https://www.discogs.com/The-Thyrday-The-Perfection-Experiment-2/release/1302362","RELEASE"
"release/1510476","Preemptive Hype Vol. 2","https://www.discogs.com/Various-Preemptive-Hype-Vol-2/release/1510476","RELEASE"
"release/6472","Okayplayer - True Notes Vol. 1","https://www.discogs.com/Various-Okayplayer-True-Notes-Vol-1/master/6472","RELEASE"
"release/372578","Sleepers","https://www.discogs.com/Rapper-Big-Pooh-Sleepers/master/372578","RELEASE"
"release/582118","Up And Down","https://www.discogs.com/Cesar-Comanche-Up-And-Down/release/582118","RELEASE"
"release/601002","Halftooth Records Presents: You Think You Know Volume II","https://www.discogs.com/Various-Halftooth-Records-Presents-You-Think-You-Know-Volume-II/release/601002","RELEASE"
"release/658323","Coke Feel1Vibe The Mixtape","https://www.discogs.com/C-Mon-Kypski-Coke-Feel1Vibe-The-Mixtape/release/658323","RELEASE"
"release/804952","Life","https://www.discogs.com/Havana-Life/release/804952","RELEASE"
"release/1209917","Don't Say I Aint Never Gave You Anything","https://www.discogs.com/Lunchbox-Tha-Narcoleptic-Dont-Say-I-Aint-Never-Gave-You-Anything/release/1209917","RELEASE"
"release/1546713","Miss You (Remix) / The Future","https://www.discogs.com/Cesar-Comanche-Miss-You-Remix-The-Future/release/1546713","RELEASE"
"release/2425594","Battle Mode","https://www.discogs.com/The-Proov-Battle-Mode/release/2425594","RELEASE"
"release/94983","Chain Letters","https://www.discogs.com/Supastition-Chain-Letters/master/94983","RELEASE"
"release/92941","Squirrel And The Aces","https://www.discogs.com/Cesar-Comanche-Squirrel-And-The-Aces/master/92941","RELEASE"
"release/533040","Shine / Tangled","https://www.discogs.com/Havana-Shine-Tangled/master/533040","RELEASE"
"release/6366","The Minstrel Show","https://www.discogs.com/Little-Brother-The-Minstrel-Show/master/6366","RELEASE"
"release/736129","The Starr Report","https://www.discogs.com/Kenn-Starr-The-Starr-Report/release/736129","RELEASE"
"release/813228","Foot In The Door","https://www.discogs.com/Oddisee-Foot-In-The-Door/release/813228","RELEASE"
"release/855496","Preemptive Hype Vol. 15","https://www.discogs.com/Various-Preemptive-Hype-Vol-15/release/855496","RELEASE"
"release/1325341","Juice CD Volume 67","https://www.discogs.com/Various-Juice-CD-Volume-67/release/1325341","RELEASE"
"release/2175055","Highing Fly","https://www.discogs.com/6th-Sense-Highing-Fly/release/2175055","RELEASE"
"release/16345386","ABC Of Romance","https://www.discogs.com/Moon-Baker-ABC-Of-Romance/release/16345386","RELEASE"
"release/219715","Garveyism","https://www.discogs.com/Preach-Garveyism/master/219715","RELEASE"
"release/41416","The Healing","https://www.discogs.com/Strange-Fruit-Project-The-Healing/master/41416","RELEASE"
"release/910918","Sinnflut - Japanese Edition EP","https://www.discogs.com/Curse-Sinnflut-Japanese-Edition-EP/release/910918","RELEASE"
"release/1147165","E.M.C. (What It Stand For?) / Git Some","https://www.discogs.com/EMC-EMC-What-It-Stand-For-Git-Some/release/1147165","RELEASE"
"release/1302417","The Authentic Mixtape","https://www.discogs.com/Joe-Scudda-The-Authentic-Mixtape/release/1302417","RELEASE"
"release/2161466","Juice CD Volume 78","https://www.discogs.com/Various-Juice-CD-Volume-78/release/2161466","RELEASE"
"release/2763517","Juice CD Volume 81","https://www.discogs.com/Various-Juice-CD-Volume-81/release/2763517","RELEASE"
"release/10722518","Mix For YYY","https://www.discogs.com/FS-Green-Mix-For-YYY/release/10722518","RELEASE"
"release/257944","ABC Of Romance","https://www.discogs.com/Moon-Baker-ABC-Of-Romance/master/257944","RELEASE"
"release/931615","Median's Relief In The Making","https://www.discogs.com/Median-Medians-Relief-In-The-Making/master/931615","RELEASE"
"release/1553700","Median's Relief","https://www.discogs.com/Median-Medians-Relief/master/1553700","RELEASE"
"release/1874241","The Talk Show","https://www.discogs.com/Kay-The-Talk-Show/master/1874241","RELEASE"
"release/1671135","Don't Let Me Leave Alone/ A Place For Us","https://www.discogs.com/Windimoto-Dont-Let-Me-Leave-Alone-A-Place-For-Us/release/1671135","RELEASE"
"release/1685632","Luire Presents... Friends We Love","https://www.discogs.com/Various-Luire-Presents-Friends-We-Love/release/1685632","RELEASE"
"release/4089638","Kursen Er Sat","https://www.discogs.com/Combo-Kursen-Er-Sat/release/4089638","RELEASE"
"release/6743169","Break Bread The Mixtape","https://www.discogs.com/Zion-I-Presents-Zumbi-Break-Bread-The-Mixtape/release/6743169","RELEASE"
"release/11109121","Juice CD Volume 91","https://www.discogs.com/Various-Juice-CD-Volume-91/release/11109121","RELEASE"
"release/12139826","Bringers Of The Dawn: The Mixtape","https://www.discogs.com/Zion-I-Presents-Zumbi-Bringers-Of-The-Dawn-The-Mixtape/release/12139826","RELEASE"
"release/1226247","Daykeeper","https://www.discogs.com/The-Foreign-Exchange-Daykeeper/master/1226247","RELEASE"
"release/207318","Then What Happened?","https://www.discogs.com/J-Live-Then-What-Happened/master/207318","RELEASE"
"release/41564","The Show","https://www.discogs.com/EMC-The-Show/master/41564","RELEASE"
"release/507233","Renaissance 3D: Tom Middleton","https://www.discogs.com/Tom-Middleton-Renaissance-3D-Tom-Middleton/master/507233","RELEASE"
"release/1623588","Peep Now Or Forever Know You Sleep","https://www.discogs.com/Lunchbox-Tha-Narcoleptic-Peep-Now-Or-Forever-Know-You-Sleep/release/1623588","RELEASE"
"release/2558469","Undivided Attention EP","https://www.discogs.com/J-Live-Undivided-Attention-EP/release/2558469","RELEASE"
"release/288385","Authenticity","https://www.discogs.com/The-Foreign-Exchange-Authenticity/master/288385","RELEASE"
"release/377466","S.P.T.A. (Said Person Of That Ability)","https://www.discogs.com/J-Live-SPTA-Said-Person-Of-That-Ability/master/377466","RELEASE"
"release/451473","The Scenic Route","https://www.discogs.com/Panacea-The-Scenic-Route/master/451473","RELEASE"
"release/620587","Love In Flying Colors","https://www.discogs.com/The-Foreign-Exchange-Love-In-Flying-Colors/master/620587","RELEASE"
"release/924904","Tales From The Land Of Milk And Honey","https://www.discogs.com/The-Foreign-Exchange-Tales-From-The-Land-Of-Milk-And-Honey/master/924904","RELEASE"
"release/9172749","Authenticity","https://www.discogs.com/Miles-Bonny-Presented-By-DJ-Jamad-Authenticity/release/9172749","RELEASE"
"release/9284662","DeSofo Album No. 1/2005","https://www.discogs.com/Various-DeSofo-Album-No-12005/release/9284662","RELEASE"
"release/1426720","Love The 80's","https://www.discogs.com/Zo-And-Tigallo-Love-The-80s/release/1426720","RELEASE"
"release/4909116","Splank The Trunk 'O' Funk Compilation Pt. 2","https://www.discogs.com/Various-Splank-The-Trunk-O-Funk-Compilation-Pt-2/release/4909116","RELEASE"
"release/110638","Anything","https://www.discogs.com/Bastian-Anything/master/110638","RELEASE"
"release/14827635","Love.Life.Music","https://www.discogs.com/Eye-Eye-LoveLifeMusic/release/14827635","RELEASE"
"release/873388","The Darkest Night Ever!!!","https://www.discogs.com/Black-Panther-The-Darkest-Night-Ever/release/873388","RELEASE"
"release/237226","Walls Don't Exist","https://www.discogs.com/Science-Fiction-Walls-Dont-Exist/master/237226","RELEASE"
"release/778555","Something's Gotta Give","https://www.discogs.com/Roosevelt-Franklin-Somethings-Gotta-Give/master/778555","RELEASE"
"release/784435","Africahot! - The Afrofuture Sessions","https://www.discogs.com/Wale-Oyejide-Africahot-The-Afrofuture-Sessions/release/784435","RELEASE"
"release/1055846","The Syberspace Social","https://www.discogs.com/Sy-Smith-The-Syberspace-Social/release/1055846","RELEASE"
"release/1227531","Aangenaam... Jazz - Editie 2007","https://www.discogs.com/Various-Aangenaam-Jazz-Editie-2007/release/1227531","RELEASE"
"release/7449167","After Hours","https://www.discogs.com/DJ-Nozawa-After-Hours/release/7449167","RELEASE"
"release/8776453","Jazzism 3 (Selected By Bol.com)","https://www.discogs.com/Various-Jazzism-3-Selected-By-Bolcom/release/8776453","RELEASE"
"release/1440442","Pop. Dutch Pop Music 2008","https://www.discogs.com/Various-Pop-Dutch-Pop-Music-2008/release/1440442","RELEASE"
"release/1555913","Da Mornin' Afta","https://www.discogs.com/The-Primeridian-Da-Mornin-Afta/release/1555913","RELEASE"
"release/1812795","La Captura Del Sonido","https://www.discogs.com/Various-La-Captura-Del-Sonido/release/1812795","RELEASE"
"release/5744527","Incite 58","https://www.discogs.com/Various-Incite-58/release/5744527","RELEASE"
"release/13772412","Decadense Vol. 1 (2000 - 2009)","https://www.discogs.com/K-Murdock-Decadense-Vol-1-2000-2009/release/13772412","RELEASE"
"release/571232","Sunstorm","https://www.discogs.com/Zo-Sunstorm/master/571232","RELEASE"
"release/9995449","Angels","https://www.discogs.com/Jeanne-Jolly-Angels/release/9995449","RELEASE"
"release/449664","Charity Starts At Home","https://www.discogs.com/Phonte-Charity-Starts-At-Home/master/449664","RELEASE"
"release/1163318","Body (DJ Spinna & Zo! Remixes)","https://www.discogs.com/The-Foreign-Exchange-Body-DJ-Spinna-Zo-Remixes/master/1163318","RELEASE"
"release/1705391","May The Lord Watch","https://www.discogs.com/Little-Brother-May-The-Lord-Watch/master/1705391","RELEASE"
"release/16512243","Ease Up Selector","https://www.discogs.com/Defiant-Ease-Up-Selector/release/16512243","RELEASE"
"release/6447508","Suite903 No. 10","https://www.discogs.com/Various-Suite903-No-10/release/6447508","RELEASE"
"release/1822766","Jockey Club Salinas (Las Salinas Sessions #3)","https://www.discogs.com/Various-Jockey-Club-Salinas-Las-Salinas-Sessions-3/release/1822766","RELEASE"
"release/4141826","The BBE Sessions","https://www.discogs.com/DJ-Mitsu-The-Beats-The-BBE-Sessions/release/4141826","RELEASE"
"release/9621883","Unity","https://www.discogs.com/Various-Unity/release/9621883","RELEASE"
"release/9863744","Rap Mag N°23","https://www.discogs.com/Various-Rap-Mag-N23/release/9863744","RELEASE"
"release/237804","The Trip 2 - Navigated By Tom Middleton","https://www.discogs.com/Tom-Middleton-The-Trip-2-Navigated-By-Tom-Middleton/master/237804","RELEASE"
"release/1722738","Xclusive Hip Hop","https://www.discogs.com/Various-Xclusive-Hip-Hop/release/1722738","RELEASE"
"release/1733902","The Return","https://www.discogs.com/W-Steele-The-Return/release/1733902","RELEASE"
"release/7988520","WUAG 103.1 FM Presents - Taylor 25 - A Nostalgic Retrospective","https://www.discogs.com/Various-WUAG-1031-FM-Presents-Taylor-25-A-Nostalgic-Retrospective/release/7988520","RELEASE"
"release/8887211","Jockey Club Salinas - Las Salinas Sessions #4","https://www.discogs.com/Various-Jockey-Club-Salinas-Las-Salinas-Sessions-4/release/8887211","RELEASE"
"release/13329736","Suite903 No. 12 DJ Moni","https://www.discogs.com/Various-Suite903-No-12-DJ-Moni/release/13329736","RELEASE"
"release/2444460","Fonoteka2 (Remixed)","https://www.discogs.com/Various-Fonoteka2-Remixed/release/2444460","RELEASE"
"release/2588962","Future Sounds For My Classic Generation","https://www.discogs.com/Various-Future-Sounds-For-My-Classic-Generation/release/2588962","RELEASE"
"release/4558335","Crazy Visions From The Sol Kitchen","https://www.discogs.com/DJ-Jamad-Crazy-Visions-From-The-Sol-Kitchen/release/4558335","RELEASE"
"release/4939422","Rap Mag N°39","https://www.discogs.com/Various-Rap-Mag-N39/release/4939422","RELEASE"
"release/10747924","Mixing October","https://www.discogs.com/Full-Crate-FS-Green-Mixing-October/release/10747924","RELEASE"
"release/1731786","When The Lights Go Out","https://www.discogs.com/W-Steele-When-The-Lights-Go-Out/release/1731786","RELEASE"
"release/10748039","Mixing December","https://www.discogs.com/Full-Crate-FS-Green-Mixing-December/release/10748039","RELEASE"
"release/8636514","Next Ground Dance 3","https://www.discogs.com/DJ-Aga-Next-Ground-Dance-3/release/8636514","RELEASE"
"release/12706879","Chocolate Luv Luv","https://www.discogs.com/DJ-Malachi-Chocolate-Luv-Luv/release/12706879","RELEASE"
"release/1659253","UndaGround O-Nine 1.0","https://www.discogs.com/DJ-Toolz-UndaGround-O-Nine-10/release/1659253","RELEASE"
"release/2083069","Change The Station!","https://www.discogs.com/Various-Change-The-Station/release/2083069","RELEASE"
"release/2828093","08-09 Season","https://www.discogs.com/DJ-Haylow-08-09-Season/release/2828093","RELEASE"
"release/9157747","Chicken Soup 6","https://www.discogs.com/DJ-Chicken-George-Chicken-Soup-6/release/9157747","RELEASE"
"release/1359690","The Prof. Meets The Supervillian #0","https://www.discogs.com/MF-Doom-The-Prof-Meets-The-Supervillian-0/release/1359690","RELEASE"
"release/15783625","Vomit","https://www.discogs.com/Parallel-Thought-Vomit/release/15783625","RELEASE"
"release/1317801","Featured Material, Vol. 3","https://www.discogs.com/Pack-FM-Featured-Material-Vol-3/release/1317801","RELEASE"
"release/51111","Mm..LeftOvers","https://www.discogs.com/MF-Doom-MmLeftOvers/master/51111","RELEASE"
"release/659461","Vomit","https://www.discogs.com/Parallel-Thought-Vomit/release/659461","RELEASE"
"release/1729980","Juice CD 89","https://www.discogs.com/Various-Juice-CD-89/release/1729980","RELEASE"
"release/4044130","Articulation","https://www.discogs.com/Parallel-Thought-Articulation/release/4044130","RELEASE"
"release/761976","The Art Of Sound","https://www.discogs.com/Parallel-Thought-The-Art-Of-Sound/master/761976","RELEASE"
"release/1279280","¿Buzz?","https://www.discogs.com/Pops-Cool-Love-Buzz/master/1279280","RELEASE"
"release/48105","Pop Goes The Weasel","https://www.discogs.com/3rd-Bass-Pop-Goes-The-Weasel/master/48105","RELEASE"
"release/79436","Reel To Reel","https://www.discogs.com/Grand-Puba-Reel-To-Reel/master/79436","RELEASE"
"release/56789","La Schmoove","https://www.discogs.com/Fu-Schnickens-La-Schmoove/master/56789","RELEASE"
"release/66288","Dr. Bombay","https://www.discogs.com/Del-The-Funky-Homosapien-Dr-Bombay/master/66288","RELEASE"
"release/255908","360° What Goes Around","https://www.discogs.com/Grand-Puba-360-What-Goes-Around/master/255908","RELEASE"
"release/651444","Dem A Murderer","https://www.discogs.com/Red-Fox-Dem-A-Murderer/master/651444","RELEASE"
"release/66290","Made In America","https://www.discogs.com/Del-Tha-Funkee-Homosapien-Made-In-America/master/66290","RELEASE"
"release/238240","No Disturb Sign","https://www.discogs.com/Beres-Hammond-No-Disturb-Sign/master/238240","RELEASE"
"release/61968","Brooklyn Zoo","https://www.discogs.com/Ol-Dirty-Bastard-Brooklyn-Zoo/master/61968","RELEASE"
"release/62006","O.D.B.E.P.","https://www.discogs.com/Ol-Dirty-Bastard-ODBEP/master/62006","RELEASE"
"release/66307","The Best Of... (The Elektra Years): B-Boy Handbook","https://www.discogs.com/Del-Tha-Funkee-Homosapien-The-Best-Of-The-Elektra-Years-B-Boy-Handbook/master/66307","RELEASE"
"release/6036762","Studio 69 Vol.3: Back In The Dayz '92 Megamix","https://www.discogs.com/DJ-Hasebe-aka-Old-Nick-Studio-69-Vol3-Back-In-The-Dayz-92-Megamix/release/6036762","RELEASE"
"release/11777635","'93 'Til Infinity","https://www.discogs.com/Mick-Boogie-93-Til-Infinity/release/11777635","RELEASE"
"release/767767","Boom Bap Riddims","https://www.discogs.com/Matt-Nelkin-Boom-Bap-Riddims/master/767767","RELEASE"
