"041iTeoMIwXMlShuQPIVKo","Klangkarussell",0.66,"https://open.spotify.com/artist/041iTeoMIwXMlShuQPIVKo","ARTIST"
"3MyFDtqB80WZvbtCZRsekM","Bakermat",0.67,"https://open.spotify.com/artist/3MyFDtqB80WZvbtCZRsekM","ARTIST"
"6HQ6vf4AloXyVNdyJhrX1J","GAMPER & DADONI",0.66,"https://open.spotify.com/artist/6HQ6vf4AloXyVNdyJhrX1J","ARTIST"
"7vHAcPVlEDksRsCfkez2CD","SRTW",0.61,"https://open.spotify.com/artist/7vHAcPVlEDksRsCfkez2CD","ARTIST"
"5zSWGyWE5d0PYaYrtdVwOz","Y.V.E. 48",0.6,"https://open.spotify.com/artist/5zSWGyWE5d0PYaYrtdVwOz","ARTIST"
"5OReTeTBZ578sj07hDS0x7","Alex Schulz",0.54,"https://open.spotify.com/artist/5OReTeTBZ578sj07hDS0x7","ARTIST"
"0esUZwk3FcZiAH1fXa66dU","Max Manie",0.49,"https://open.spotify.com/artist/0esUZwk3FcZiAH1fXa66dU","ARTIST"
"4S8NmgM7oJ188sKp1waZpy","Möwe",0.61,"https://open.spotify.com/artist/4S8NmgM7oJ188sKp1waZpy","ARTIST"
"1LFGVkNRmXz8jIkyPjaGNL","De Hofnar",0.55,"https://open.spotify.com/artist/1LFGVkNRmXz8jIkyPjaGNL","ARTIST"
"2SfhiNVhk8w8xCQ89P3NPU","Sons Of Maria",0.55,"https://open.spotify.com/artist/2SfhiNVhk8w8xCQ89P3NPU","ARTIST"
"0nwid3SFCGyXxnllTHzHPd","Nicolas Haelg",0.53,"https://open.spotify.com/artist/0nwid3SFCGyXxnllTHzHPd","ARTIST"
"23BtKJexFLn0Ri6s7BEC4d","Vijay & Sofia Zlatko",0.51,"https://open.spotify.com/artist/23BtKJexFLn0Ri6s7BEC4d","ARTIST"
"7HIN94LvSDgxN5RoOLi3E5","Dimmi",0.48,"https://open.spotify.com/artist/7HIN94LvSDgxN5RoOLi3E5","ARTIST"
"0uGApGjjFXKwUOAqYBeX7B","Deepend",0.63,"https://open.spotify.com/artist/0uGApGjjFXKwUOAqYBeX7B","ARTIST"
"2ekaInISzbZNipWYe5y7IU","Nexeri",0.48,"https://open.spotify.com/artist/2ekaInISzbZNipWYe5y7IU","ARTIST"
"69VkQLf4DH7GJ68BCDOPKL","Campsite Dream",0.56,"https://open.spotify.com/artist/69VkQLf4DH7GJ68BCDOPKL","ARTIST"
"6J0Y4CoGMKL5RyeozHnVKl","FDVM",0.51,"https://open.spotify.com/artist/6J0Y4CoGMKL5RyeozHnVKl","ARTIST"
"04m3oUGzjO3EJTQidFzTgM","Nora Van Elken",0.63,"https://open.spotify.com/artist/04m3oUGzjO3EJTQidFzTgM","ARTIST"
"7l7IyxqOyGDSU6iF4FzisA","Adon",0.53,"https://open.spotify.com/artist/7l7IyxqOyGDSU6iF4FzisA","ARTIST"
"5344K3N7rx7kw1HjO8psuq","James Carter",0.59,"https://open.spotify.com/artist/5344K3N7rx7kw1HjO8psuq","ARTIST"
"2IjiuEObrCKyZvSb8xLxG9","filous",0.6,"https://open.spotify.com/artist/2IjiuEObrCKyZvSb8xLxG9","ARTIST"
"7pKvjpj0hmP1nnj34y9TlY","minite",0.51,"https://open.spotify.com/artist/7pKvjpj0hmP1nnj34y9TlY","ARTIST"
"5SZUMeZ1O9tcgkSkkx1dFy","Viva La Panda",0.53,"https://open.spotify.com/artist/5SZUMeZ1O9tcgkSkkx1dFy","ARTIST"
"7vO5wbzI9RdVYlOGFL2ofk","NLSN",0.57,"https://open.spotify.com/artist/7vO5wbzI9RdVYlOGFL2ofk","ARTIST"
"0ClVe54tk9xP1FBVdFWnWi","Paratone",0.49,"https://open.spotify.com/artist/0ClVe54tk9xP1FBVdFWnWi","ARTIST"
"6IbEdXQyS4jMvheGTgKtSr","J Lisk",0.51,"https://open.spotify.com/artist/6IbEdXQyS4jMvheGTgKtSr","ARTIST"
"66GofoGxQ1OAlCvfPRI90x","No Treasure",0.54,"https://open.spotify.com/artist/66GofoGxQ1OAlCvfPRI90x","ARTIST"
"7qZUlT9qGTM05VsbBkBuWi","KYDS",0.51,"https://open.spotify.com/artist/7qZUlT9qGTM05VsbBkBuWi","ARTIST"
"1voJnUcEoYhOptkLklUsVL","Pool Blue",0.51,"https://open.spotify.com/artist/1voJnUcEoYhOptkLklUsVL","ARTIST"
"65Uy8U5VKTrqB70p39OLsH","COLIN",0.55,"https://open.spotify.com/artist/65Uy8U5VKTrqB70p39OLsH","ARTIST"
"3CO23gK5THkoucYiRmPMAo","Little Venice",0.53,"https://open.spotify.com/artist/3CO23gK5THkoucYiRmPMAo","ARTIST"
"6bdx22A1shpd9U6YAd8Vto","LO",0.52,"https://open.spotify.com/artist/6bdx22A1shpd9U6YAd8Vto","ARTIST"
"0Goi0yeqJIUVfvKkVhksHe","Noonlight",0.49,"https://open.spotify.com/artist/0Goi0yeqJIUVfvKkVhksHe","ARTIST"
"3aKYNxHBFiIcw0yrv06R6W","Blewbird",0.51,"https://open.spotify.com/artist/3aKYNxHBFiIcw0yrv06R6W","ARTIST"
"2WHAMC6E5RUnljbL5eijii","ROYDIG",0.39,"https://open.spotify.com/artist/2WHAMC6E5RUnljbL5eijii","ARTIST"
"0ytRHtQMhO8Sts30vPTcON","Pureblue",0.49,"https://open.spotify.com/artist/0ytRHtQMhO8Sts30vPTcON","ARTIST"
"6MCs7Y3fvs10ifq9B6mUMH","Ocean Ave",0.53,"https://open.spotify.com/artist/6MCs7Y3fvs10ifq9B6mUMH","ARTIST"
"7a0a89o7fM8Qz6DK1PQNFM","YVO",0.53,"https://open.spotify.com/artist/7a0a89o7fM8Qz6DK1PQNFM","ARTIST"
"5tp9PCd5UDGR8CP0teBhp3","Walking Ocean",0.45,"https://open.spotify.com/artist/5tp9PCd5UDGR8CP0teBhp3","ARTIST"
"3z8F7Kdw0p4P0zGaushTMR","Sadion",0.48,"https://open.spotify.com/artist/3z8F7Kdw0p4P0zGaushTMR","ARTIST"
"3fN5sNv6BOuzPD6r95XVNJ","Eloi El",0.5,"https://open.spotify.com/artist/3fN5sNv6BOuzPD6r95XVNJ","ARTIST"
"1LPyiIK0Tgl0WtfiNmbE25","Sandé",0.39,"https://open.spotify.com/artist/1LPyiIK0Tgl0WtfiNmbE25","ARTIST"
"4SBySq17NJZBCcFvushMNf","nourii",0.54,"https://open.spotify.com/artist/4SBySq17NJZBCcFvushMNf","ARTIST"
"0TT7iBNHgH8NGc6vX5Vodo","Nimus",0.58,"https://open.spotify.com/artist/0TT7iBNHgH8NGc6vX5Vodo","ARTIST"
"73L4PEW4FAJ7bsHZHqq4hP","GEPPS",0.46,"https://open.spotify.com/artist/73L4PEW4FAJ7bsHZHqq4hP","ARTIST"
"0B8o3cxzT2CjTjb7Gu4JEv","Zia & Zio",0.45,"https://open.spotify.com/artist/0B8o3cxzT2CjTjb7Gu4JEv","ARTIST"
"5kfKDSksVMsl63kpMZ8m2x","Nina Young",0.49,"https://open.spotify.com/artist/5kfKDSksVMsl63kpMZ8m2x","ARTIST"
"50rU4gBfyrar1G08tnxdTl","Leviro",0.46,"https://open.spotify.com/artist/50rU4gBfyrar1G08tnxdTl","ARTIST"
"4hheW577K2nAMAwDuTGAA4","Luca",0.53,"https://open.spotify.com/artist/4hheW577K2nAMAwDuTGAA4","ARTIST"
"2qq4OFTPe8qqLnzODvRnvw","Creon Flips",0.44,"https://open.spotify.com/artist/2qq4OFTPe8qqLnzODvRnvw","ARTIST"
"3Q3pmaIKRKXh2e0g4A4Xpc","Eneko Artola",0.49,"https://open.spotify.com/artist/3Q3pmaIKRKXh2e0g4A4Xpc","ARTIST"
"01CKNofaWoejTw9J0WMkOa","Nightwhisper",0.37,"https://open.spotify.com/artist/01CKNofaWoejTw9J0WMkOa","ARTIST"
"6K90LxhQiEEJWrEE9Nn2Zg","slowbrew",0.47,"https://open.spotify.com/artist/6K90LxhQiEEJWrEE9Nn2Zg","ARTIST"
"0LnP8n2mREw2UvRL00TJqt","Thunder",0.49,"https://open.spotify.com/artist/0LnP8n2mREw2UvRL00TJqt","ARTIST"
"6OFZSmtxDquMkX2XZJSN6y","PALASTIC",0.51,"https://open.spotify.com/artist/6OFZSmtxDquMkX2XZJSN6y","ARTIST"
"5wxw2CQKTIOSkPFJbTYVzl","nowifi",0.53,"https://open.spotify.com/artist/5wxw2CQKTIOSkPFJbTYVzl","ARTIST"
"5rr0CMtvn1p9Be8ICfkTc3","Charming Horses",0.56,"https://open.spotify.com/artist/5rr0CMtvn1p9Be8ICfkTc3","ARTIST"
"6JmzdIDSQdeHg0pocIascm","Thomas Jack",0.48,"https://open.spotify.com/artist/6JmzdIDSQdeHg0pocIascm","ARTIST"
"08p782h5VznNEQMM4wAEp9","Boehm",0.46,"https://open.spotify.com/artist/08p782h5VznNEQMM4wAEp9","ARTIST"
"3jUtu6ALbeVTfpZqn9ccgc","Sir Felix",0.35,"https://open.spotify.com/artist/3jUtu6ALbeVTfpZqn9ccgc","ARTIST"
"18XyLuKeMMfkTNKTmc6yOU","Sirens Of Lesbos",0.46,"https://open.spotify.com/artist/18XyLuKeMMfkTNKTmc6yOU","ARTIST"
"08U9qk0KByTwtgdfKr7195","MYNGA",0.43,"https://open.spotify.com/artist/08U9qk0KByTwtgdfKr7195","ARTIST"
"20gsENnposVs2I4rQ5kvrf","Sam Feldt",0.79,"https://open.spotify.com/artist/20gsENnposVs2I4rQ5kvrf","ARTIST"
"3TlZLU8gQBrjTGJlLLDruk","Eklo",0.42,"https://open.spotify.com/artist/3TlZLU8gQBrjTGJlLLDruk","ARTIST"
"1yYBD4cVxCxXQXi4QGZfSo","Kav Verhouzer",0.5,"https://open.spotify.com/artist/1yYBD4cVxCxXQXi4QGZfSo","ARTIST"
"1L9i6qZYIGQedgM9QLSyzb","Klingande",0.64,"https://open.spotify.com/artist/1L9i6qZYIGQedgM9QLSyzb","ARTIST"
"0xZvYTiM5QT94j1abOm0nC","Davai",0.53,"https://open.spotify.com/artist/0xZvYTiM5QT94j1abOm0nC","ARTIST"
"2tndYCXQneCV4jtoWRwVpz","Lucas Estrada",0.67,"https://open.spotify.com/artist/2tndYCXQneCV4jtoWRwVpz","ARTIST"
"2QlwnS23KrBeshXFyK5U6M","LVNDSCAPE",0.59,"https://open.spotify.com/artist/2QlwnS23KrBeshXFyK5U6M","ARTIST"
"5s21IKPvmxRf9WxpO8H5UB","Hogland",0.57,"https://open.spotify.com/artist/5s21IKPvmxRf9WxpO8H5UB","ARTIST"
"5UUdxfBMwm0hLlLgnZtBFv","Madism",0.64,"https://open.spotify.com/artist/5UUdxfBMwm0hLlLgnZtBFv","ARTIST"
"3YvNtTSaJ2YAt1RhaE9eiH","Panuma",0.54,"https://open.spotify.com/artist/3YvNtTSaJ2YAt1RhaE9eiH","ARTIST"
"7cyJzgiJTXR3hf62l5zLOr","Henri Purnell",0.59,"https://open.spotify.com/artist/7cyJzgiJTXR3hf62l5zLOr","ARTIST"
"0WsLK7St3F88CZmxfDcNEi","Lëo",0.46,"https://open.spotify.com/artist/0WsLK7St3F88CZmxfDcNEi","ARTIST"
"3LbMrfAq8YnMksyS3H5zWD","Tullio",0.55,"https://open.spotify.com/artist/3LbMrfAq8YnMksyS3H5zWD","ARTIST"
"2Po6PWRViaK7I9kvFiILxF","Daniel Glaven",0.48,"https://open.spotify.com/artist/2Po6PWRViaK7I9kvFiILxF","ARTIST"
"73C7eV9oN6yGgLSu8vIO4R","MVCA",0.51,"https://open.spotify.com/artist/73C7eV9oN6yGgLSu8vIO4R","ARTIST"
"4ehtJnVumNf6xzSCDk8aLB","Martin Jensen",0.76,"https://open.spotify.com/artist/4ehtJnVumNf6xzSCDk8aLB","ARTIST"
"1LnBqMojv6Dv6DoPWTDSZ7","Saco",0.5,"https://open.spotify.com/artist/1LnBqMojv6Dv6DoPWTDSZ7","ARTIST"
"5xQaB2JfKU3pi6IqRsHy4G","farfetch'd",0.52,"https://open.spotify.com/artist/5xQaB2JfKU3pi6IqRsHy4G","ARTIST"
"7hp5hDp0WIQHip75gbNc8v","Patrick Lite",0.46,"https://open.spotify.com/artist/7hp5hDp0WIQHip75gbNc8v","ARTIST"
"4YXycRbyyAE0wozTk7QMEq","Matoma",0.72,"https://open.spotify.com/artist/4YXycRbyyAE0wozTk7QMEq","ARTIST"
"6lB8vOoI4DRrrVxXwuV19c","Mike Perry",0.69,"https://open.spotify.com/artist/6lB8vOoI4DRrrVxXwuV19c","ARTIST"
"6t1gpxYbY8OlLA7D2RiikQ","Loud Luxury",0.73,"https://open.spotify.com/artist/6t1gpxYbY8OlLA7D2RiikQ","ARTIST"
"5iNrZmtVMtYev5M9yoWpEq","Seeb",0.74,"https://open.spotify.com/artist/5iNrZmtVMtYev5M9yoWpEq","ARTIST"
"7DMveApC7UnC2NPfPvlHSU","Cheat Codes",0.77,"https://open.spotify.com/artist/7DMveApC7UnC2NPfPvlHSU","ARTIST"
"0DdDnziut7wOo6cAYWVZC5","KREAM",0.66,"https://open.spotify.com/artist/0DdDnziut7wOo6cAYWVZC5","ARTIST"
"3GtCKJA4SkOxN65MWjm82R","Hot Shade",0.6,"https://open.spotify.com/artist/3GtCKJA4SkOxN65MWjm82R","ARTIST"
"02A3cEvlLLCbIMVDrK2GHV","Starley",0.61,"https://open.spotify.com/artist/02A3cEvlLLCbIMVDrK2GHV","ARTIST"
"1IueXOQyABrMOprrzwQJWN","Sigala",0.77,"https://open.spotify.com/artist/1IueXOQyABrMOprrzwQJWN","ARTIST"
"2ZRQcIgzPCVaT9XKhXZIzh","Gryffin",0.76,"https://open.spotify.com/artist/2ZRQcIgzPCVaT9XKhXZIzh","ARTIST"
"3hyEbRtp617pNCuuQjyOmc","Lost Kings",0.66,"https://open.spotify.com/artist/3hyEbRtp617pNCuuQjyOmc","ARTIST"
"7LbuenKfQNLPKzvi1rKPBG","Madden",0.48,"https://open.spotify.com/artist/7LbuenKfQNLPKzvi1rKPBG","ARTIST"
"2Tg0aF5cbZktYFzgR1iAKv","Julie Bergan",0.68,"https://open.spotify.com/artist/2Tg0aF5cbZktYFzgR1iAKv","ARTIST"
"6i1GVNJCyyssRwXmnaeEFH","Syn Cole",0.63,"https://open.spotify.com/artist/6i1GVNJCyyssRwXmnaeEFH","ARTIST"
"3QqlKdJRY4IqUry390xfvJ","Micar",0.48,"https://open.spotify.com/artist/3QqlKdJRY4IqUry390xfvJ","ARTIST"
"12A83CWwFiyXy90ScLWPIe","LIZOT",0.71,"https://open.spotify.com/artist/12A83CWwFiyXy90ScLWPIe","ARTIST"
"7KAGJwWQQui8b0uqwXRkSr","Gestört aber GeiL",0.64,"https://open.spotify.com/artist/7KAGJwWQQui8b0uqwXRkSr","ARTIST"
"7FOb8fwCcjHjKlIlEZk6go","LCAW",0.38,"https://open.spotify.com/artist/7FOb8fwCcjHjKlIlEZk6go","ARTIST"
"67ghKnycRX6VM1xfqJSMlH","Younotus",0.67,"https://open.spotify.com/artist/67ghKnycRX6VM1xfqJSMlH","ARTIST"
"5dGsIOepO9ufQlXjW8KrPL","Neptunica",0.56,"https://open.spotify.com/artist/5dGsIOepO9ufQlXjW8KrPL","ARTIST"
"6dXL3SnQlCGX9LCUAyin6a","Stereoact",0.58,"https://open.spotify.com/artist/6dXL3SnQlCGX9LCUAyin6a","ARTIST"
"1fU1tRfV6R4fYD3cJL1izU","JASH",0.34,"https://open.spotify.com/artist/1fU1tRfV6R4fYD3cJL1izU","ARTIST"
"5xUacP1mVGfiY7Zr9RskmS","Sean Finn",0.55,"https://open.spotify.com/artist/5xUacP1mVGfiY7Zr9RskmS","ARTIST"
"283labP4pvBfnIeozzFzR3","#90s Update",0.42,"https://open.spotify.com/artist/283labP4pvBfnIeozzFzR3","ARTIST"
"4bL2B6hmLlMWnUEZnorEtG","Felix Jaehn",0.8,"https://open.spotify.com/artist/4bL2B6hmLlMWnUEZnorEtG","ARTIST"
"3fKyrFepUm9qwZ70j2Qrxu","PaperClap",0.29,"https://open.spotify.com/artist/3fKyrFepUm9qwZ70j2Qrxu","ARTIST"
"7koJQAjVzXoUpH6pXrihXA","Bodybangers",0.57,"https://open.spotify.com/artist/7koJQAjVzXoUpH6pXrihXA","ARTIST"
"4AKwRarlmsUlLjIwt38NLw","Ofenbach",0.76,"https://open.spotify.com/artist/4AKwRarlmsUlLjIwt38NLw","ARTIST"
"61ipISvUVa5LkJlKZnm3Oo","Alle Farben",0.71,"https://open.spotify.com/artist/61ipISvUVa5LkJlKZnm3Oo","ARTIST"
"721T2PETMLaAkijbYu05VD","Junge Junge",0.56,"https://open.spotify.com/artist/721T2PETMLaAkijbYu05VD","ARTIST"
"6YvP6AXefuZ3bROoEVjCiY","LISTENBEE",0.47,"https://open.spotify.com/artist/6YvP6AXefuZ3bROoEVjCiY","ARTIST"
"7f5Zgnp2spUuuzKplmRkt7","Lost Frequencies",0.75,"https://open.spotify.com/artist/7f5Zgnp2spUuuzKplmRkt7","ARTIST"
"4FcZfItjVIsfO9TynErl7X","Jubël",0.69,"https://open.spotify.com/artist/4FcZfItjVIsfO9TynErl7X","ARTIST"
"6TlN75Ns66CyxBuZ7i3TK3","PANG!",0.5,"https://open.spotify.com/artist/6TlN75Ns66CyxBuZ7i3TK3","ARTIST"
"12rBrcOPP50qIan8ew4iTP","Deep Chills",0.56,"https://open.spotify.com/artist/12rBrcOPP50qIan8ew4iTP","ARTIST"
"1f3NYrlm9GpXxMz8XZGEP5","Axero",0.47,"https://open.spotify.com/artist/1f3NYrlm9GpXxMz8XZGEP5","ARTIST"
"3tYJfCciy07wTBt2HpjCQw","Vexento",0.51,"https://open.spotify.com/artist/3tYJfCciy07wTBt2HpjCQw","ARTIST"
"22lnnGKlaDxk8sfzCNRJuA","Diviners",0.54,"https://open.spotify.com/artist/22lnnGKlaDxk8sfzCNRJuA","ARTIST"
"5VXPJC0PNpJbzB10A39G8E","Janji",0.59,"https://open.spotify.com/artist/5VXPJC0PNpJbzB10A39G8E","ARTIST"
"1feoGrmmD8QmNqtK2Gdwy8","Tobu",0.59,"https://open.spotify.com/artist/1feoGrmmD8QmNqtK2Gdwy8","ARTIST"
"6fEZjgt9MHR4Hp3MiBRZHX","Itro",0.5,"https://open.spotify.com/artist/6fEZjgt9MHR4Hp3MiBRZHX","ARTIST"
"40HDiLfKm0tXk2FxlJx6aO","Jim Yosef",0.59,"https://open.spotify.com/artist/40HDiLfKm0tXk2FxlJx6aO","ARTIST"
"5LnNAR8Bhv2vJCJzBnCw9P","Alex Skrindo",0.54,"https://open.spotify.com/artist/5LnNAR8Bhv2vJCJzBnCw9P","ARTIST"
"7qgorhDacy1FRz5HkAhDtu","Elektronomia",0.57,"https://open.spotify.com/artist/7qgorhDacy1FRz5HkAhDtu","ARTIST"
"0kXCdaJ7C5MD27jXxzvHsa","Ahrix",0.61,"https://open.spotify.com/artist/0kXCdaJ7C5MD27jXxzvHsa","ARTIST"
"3avjTKhr5ZAxRVGMDs9AeX","Ahxello",0.42,"https://open.spotify.com/artist/3avjTKhr5ZAxRVGMDs9AeX","ARTIST"
"1NiqyCNYaJnuKVTMFlWYVx","Doctor Vox",0.34,"https://open.spotify.com/artist/1NiqyCNYaJnuKVTMFlWYVx","ARTIST"
"2NZMqINcyfepvLxQJdzcZk","Lensko",0.47,"https://open.spotify.com/artist/2NZMqINcyfepvLxQJdzcZk","ARTIST"
"6XfxrlXxNCk5pI7eaXQO2L","LU2VYK",0.49,"https://open.spotify.com/artist/6XfxrlXxNCk5pI7eaXQO2L","ARTIST"
"1g3DHFTgwP8SbgH5ND8lVj","Sander W.",0.5,"https://open.spotify.com/artist/1g3DHFTgwP8SbgH5ND8lVj","ARTIST"
"7AfIBbjDpPR6FlLWLsAcHu","Sistek",0.45,"https://open.spotify.com/artist/7AfIBbjDpPR6FlLWLsAcHu","ARTIST"
"1oyYbvt8KfYIGkDQqEcVv0","My Buddy Mike",0.38,"https://open.spotify.com/artist/1oyYbvt8KfYIGkDQqEcVv0","ARTIST"
"0e7jcv95x5MTycydtfg6wv","Embody",0.53,"https://open.spotify.com/artist/0e7jcv95x5MTycydtfg6wv","ARTIST"
"3g90aBVbbdK0mfQbI3vK6r","Shavi",0.38,"https://open.spotify.com/artist/3g90aBVbbdK0mfQbI3vK6r","ARTIST"
"17f398j9Nm2gXv0san0TjM","Vincent Blake",0.21,"https://open.spotify.com/artist/17f398j9Nm2gXv0san0TjM","ARTIST"
"118tMA379KP9TjxmsQsLKY","FlicFlac",0.45,"https://open.spotify.com/artist/118tMA379KP9TjxmsQsLKY","ARTIST"
"21wfUjH9hrJkW2qoKU0GhQ","Boonz",0.32,"https://open.spotify.com/artist/21wfUjH9hrJkW2qoKU0GhQ","ARTIST"
"5cBeFQv3kBVP8o15CmPTKb","Tez Cadey",0.59,"https://open.spotify.com/artist/5cBeFQv3kBVP8o15CmPTKb","ARTIST"
"1nWS89L7evreaF9wcCsIyi","Gostan",0.49,"https://open.spotify.com/artist/1nWS89L7evreaF9wcCsIyi","ARTIST"
"7keGfmQR4X5w0two1xKZ7d","Kungs",0.67,"https://open.spotify.com/artist/7keGfmQR4X5w0two1xKZ7d","ARTIST"
"3EDo5M4D2IAhisy3TDpkWg","Harold van Lennep",0.46,"https://open.spotify.com/artist/3EDo5M4D2IAhisy3TDpkWg","ARTIST"
"3E61SnNA9oqKP7hI0K3vZv","CALVO",0.59,"https://open.spotify.com/artist/3E61SnNA9oqKP7hI0K3vZv","ARTIST"
"4gJCFxvqKc43Ifk0UIBB42","Madison Mars",0.56,"https://open.spotify.com/artist/4gJCFxvqKc43Ifk0UIBB42","ARTIST"
"4mHAu7NX2UNsnGXjviBD9e","Brooks",0.66,"https://open.spotify.com/artist/4mHAu7NX2UNsnGXjviBD9e","ARTIST"
"3IpvVrP3VLhruTmnququq7","Mike Williams",0.68,"https://open.spotify.com/artist/3IpvVrP3VLhruTmnququq7","ARTIST"
"2HmmA3GhP0xsbRUiDllJUn","Pep & Rash",0.46,"https://open.spotify.com/artist/2HmmA3GhP0xsbRUiDllJUn","ARTIST"
"12SPNXi0aDpFt0rMVbmLrr","Jay Hardway",0.57,"https://open.spotify.com/artist/12SPNXi0aDpFt0rMVbmLrr","ARTIST"
"5CBNhusqki2s2jp4Lo6i2L","JLV",0.5,"https://open.spotify.com/artist/5CBNhusqki2s2jp4Lo6i2L","ARTIST"
"1GcKPo3HglflWJSV683pHx","Bali Bandits",0.43,"https://open.spotify.com/artist/1GcKPo3HglflWJSV683pHx","ARTIST"
"4PVHdWG0LtOCDDXo3Vh2yW","Robby East",0.49,"https://open.spotify.com/artist/4PVHdWG0LtOCDDXo3Vh2yW","ARTIST"
"4FCzCS0KEgb0rgySWINItO","CID",0.59,"https://open.spotify.com/artist/4FCzCS0KEgb0rgySWINItO","ARTIST"
"0RViEWnZO2VhmY4oI0PhF9","Mesto",0.63,"https://open.spotify.com/artist/0RViEWnZO2VhmY4oI0PhF9","ARTIST"
"2XiiUuK68XNdHaHOAF5hnT","Curbi",0.56,"https://open.spotify.com/artist/2XiiUuK68XNdHaHOAF5hnT","ARTIST"
"5vQfv3s2Z2SRdPZKr82ABw","Dzeko",0.67,"https://open.spotify.com/artist/5vQfv3s2Z2SRdPZKr82ABw","ARTIST"
"6heMlLFM6RDDHRz99uKMqS","RetroVision",0.6,"https://open.spotify.com/artist/6heMlLFM6RDDHRz99uKMqS","ARTIST"
"7MFJyevu6jq0shwDuVLymu","Justin Mylo",0.58,"https://open.spotify.com/artist/7MFJyevu6jq0shwDuVLymu","ARTIST"
"0gT2b7kbRgn15nSNPe3lgf","Holl & Rush",0.37,"https://open.spotify.com/artist/0gT2b7kbRgn15nSNPe3lgf","ARTIST"
"19VDJ9IKyBSUMDJxLsasP6","Mr. Belt & Wezol",0.56,"https://open.spotify.com/artist/19VDJ9IKyBSUMDJxLsasP6","ARTIST"
"2Wzb0u138rgoZQTK3ytknT","BEAUZ",0.55,"https://open.spotify.com/artist/2Wzb0u138rgoZQTK3ytknT","ARTIST"
"1PFc84GHTYPL0G12JHh9Mc","Dannic",0.48,"https://open.spotify.com/artist/1PFc84GHTYPL0G12JHh9Mc","ARTIST"
"5JHw3zW4kgwIZlh33geR1K","Sagan",0.45,"https://open.spotify.com/artist/5JHw3zW4kgwIZlh33geR1K","ARTIST"
"0bMKf3lIYR9GaNTdFKkTOr","Zonderling",0.64,"https://open.spotify.com/artist/0bMKf3lIYR9GaNTdFKkTOr","ARTIST"
"1I5pYXplsbqmHaVWlAEhla","Bougenvilla",0.48,"https://open.spotify.com/artist/1I5pYXplsbqmHaVWlAEhla","ARTIST"
"2SHmJ9pvh1h1TXu2WulzL4","Going Deeper",0.47,"https://open.spotify.com/artist/2SHmJ9pvh1h1TXu2WulzL4","ARTIST"
"1wdU1J2NHzcDYarT7jEU2A","Dastic",0.56,"https://open.spotify.com/artist/1wdU1J2NHzcDYarT7jEU2A","ARTIST"
"1qq5e02CcWNFqZMbmdrIcj","Jonas Aden",0.51,"https://open.spotify.com/artist/1qq5e02CcWNFqZMbmdrIcj","ARTIST"
"3htJBdRyfwyCTKgpZAj6pY","Jordan Jay",0.51,"https://open.spotify.com/artist/3htJBdRyfwyCTKgpZAj6pY","ARTIST"
"6y5Fs04MNlsUCyAgvXkSxg","Aevion",0.4,"https://open.spotify.com/artist/6y5Fs04MNlsUCyAgvXkSxg","ARTIST"
"7IVgVM49Z4ztdmOqOIxhvP","Toby Green",0.51,"https://open.spotify.com/artist/7IVgVM49Z4ztdmOqOIxhvP","ARTIST"
"0DRf6JJDQnRnz0Yp209CmH","Stadiumx",0.54,"https://open.spotify.com/artist/0DRf6JJDQnRnz0Yp209CmH","ARTIST"
"6ZXRsQeAoGPspf8tNeEtPo","Tom & Jame",0.43,"https://open.spotify.com/artist/6ZXRsQeAoGPspf8tNeEtPo","ARTIST"
"5wwneIFdawNgQ7GvKK29Z3","Lucas & Steve",0.7,"https://open.spotify.com/artist/5wwneIFdawNgQ7GvKK29Z3","ARTIST"
"2wX6xSig4Rig5kZU6ePlWe","KSHMR",0.73,"https://open.spotify.com/artist/2wX6xSig4Rig5kZU6ePlWe","ARTIST"
"5WdqBAQhGFCrZvBKXiPIu7","The Him",0.59,"https://open.spotify.com/artist/5WdqBAQhGFCrZvBKXiPIu7","ARTIST"
"5nki7yRhxgM509M5ADlN1p","Oliver Heldens",0.74,"https://open.spotify.com/artist/5nki7yRhxgM509M5ADlN1p","ARTIST"
"4mrBetqy378Jf1y6NLszlx","VINAI",0.68,"https://open.spotify.com/artist/4mrBetqy378Jf1y6NLszlx","ARTIST"
"7yOWqfe8iP613Ne5SV9XPP","Wahlstedt",0.55,"https://open.spotify.com/artist/7yOWqfe8iP613Ne5SV9XPP","ARTIST"
"4uiMn2g0pgTrhN096QJhbp","Borgeous",0.61,"https://open.spotify.com/artist/4uiMn2g0pgTrhN096QJhbp","ARTIST"
"1l2ekx5skC4gJH8djERwh1","Don Diablo",0.74,"https://open.spotify.com/artist/1l2ekx5skC4gJH8djERwh1","ARTIST"
"5ChF3i92IPZHduM7jN3dpg","Nicky Romero",0.69,"https://open.spotify.com/artist/5ChF3i92IPZHduM7jN3dpg","ARTIST"
"1vo8zHmO1KzkuU9Xxh6J7W","MOTi",0.7,"https://open.spotify.com/artist/1vo8zHmO1KzkuU9Xxh6J7W","ARTIST"
"4kwEd1P9j15ZqUVP5zK7Pv","Joe Stone",0.62,"https://open.spotify.com/artist/4kwEd1P9j15ZqUVP5zK7Pv","ARTIST"
"0nJcDqY6ox4kHB92AuRA8j","Blinkie",0.59,"https://open.spotify.com/artist/0nJcDqY6ox4kHB92AuRA8j","ARTIST"
"5v8ZROs9c26k4yGMxUkebt","Jack Wins",0.56,"https://open.spotify.com/artist/5v8ZROs9c26k4yGMxUkebt","ARTIST"
"3T0HSMgUpuH1hXbT1JPwQF","Redondo",0.54,"https://open.spotify.com/artist/3T0HSMgUpuH1hXbT1JPwQF","ARTIST"
"4WFtYn5RyU8VGPpPyW9Pxw","M-22",0.59,"https://open.spotify.com/artist/4WFtYn5RyU8VGPpPyW9Pxw","ARTIST"
"5Nngx6kSXmrSiL248sEwmT","Calippo",0.52,"https://open.spotify.com/artist/5Nngx6kSXmrSiL248sEwmT","ARTIST"
"6pcxIOhQCNb7DX2iuEXgxL","Tobtok",0.58,"https://open.spotify.com/artist/6pcxIOhQCNb7DX2iuEXgxL","ARTIST"
"5EehXjjMktLuJmbRsM7YfB","Disciples",0.67,"https://open.spotify.com/artist/5EehXjjMktLuJmbRsM7YfB","ARTIST"
"4bazJLWIv8CuqmgxJRiGqo","Just Kiddin",0.55,"https://open.spotify.com/artist/4bazJLWIv8CuqmgxJRiGqo","ARTIST"
"1KNafMiV5Y3OhOr1A5tWwb","JYYE",0.56,"https://open.spotify.com/artist/1KNafMiV5Y3OhOr1A5tWwb","ARTIST"
"1QOHbhVRpDoNtRkz79si6b","Karen Harding",0.63,"https://open.spotify.com/artist/1QOHbhVRpDoNtRkz79si6b","ARTIST"
"4CuipEvwcoQggmCV8jpKF9","Michael Calfan",0.62,"https://open.spotify.com/artist/4CuipEvwcoQggmCV8jpKF9","ARTIST"
"7GMot9WvBYqhhJz92vhBp6","EDX",0.64,"https://open.spotify.com/artist/7GMot9WvBYqhhJz92vhBp6","ARTIST"
"61StZOWgYff2AxDUejw4UI","Lika Morgan",0.55,"https://open.spotify.com/artist/61StZOWgYff2AxDUejw4UI","ARTIST"
"5lwT6gFdwV3Wcol07KUiJx","Mike Mago",0.5,"https://open.spotify.com/artist/5lwT6gFdwV3Wcol07KUiJx","ARTIST"
"0WDjOCmlubUVdRozCz46sM","Inpetto",0.44,"https://open.spotify.com/artist/0WDjOCmlubUVdRozCz46sM","ARTIST"
"11chB4Th19iMA7j65oGMk1","Funkin Matt",0.51,"https://open.spotify.com/artist/11chB4Th19iMA7j65oGMk1","ARTIST"
"1kwRrQDCpXpVliMDntpxCt","Tom Budin",0.51,"https://open.spotify.com/artist/1kwRrQDCpXpVliMDntpxCt","ARTIST"
"53YSn9tHwGJ6bq5P0gGoYo","Firebeatz",0.62,"https://open.spotify.com/artist/53YSn9tHwGJ6bq5P0gGoYo","ARTIST"
"06cLuOP0p7VAnBnqil1eWX","Swanky Tunes",0.52,"https://open.spotify.com/artist/06cLuOP0p7VAnBnqil1eWX","ARTIST"
"3t5xRXzsuZmMDkQzgOX35S","Robin Schulz",0.83,"https://open.spotify.com/artist/3t5xRXzsuZmMDkQzgOX35S","ARTIST"
"1HBjj22wzbscIZ9sEb5dyf","Jonas Blue",0.79,"https://open.spotify.com/artist/1HBjj22wzbscIZ9sEb5dyf","ARTIST"
"4Q6nIcaBED8qUel8bBx6Cr","Jax Jones",0.76,"https://open.spotify.com/artist/4Q6nIcaBED8qUel8bBx6Cr","ARTIST"
"4EPJlUEBy49EX1wuFOvtjK","Becky Hill",0.78,"https://open.spotify.com/artist/4EPJlUEBy49EX1wuFOvtjK","ARTIST"
"5KKpBU5eC2tJDzf0wmlRp2","RAYE",0.76,"https://open.spotify.com/artist/5KKpBU5eC2tJDzf0wmlRp2","ARTIST"
"6Ur6METz02CC9zcJWDFicC","M.O",0.57,"https://open.spotify.com/artist/6Ur6METz02CC9zcJWDFicC","ARTIST"
"1MIVXf74SZHmTIp4V4paH4","Mabel",0.79,"https://open.spotify.com/artist/1MIVXf74SZHmTIp4V4paH4","ARTIST"
"2gduEC76ry33RVurAvT05p","Nathan Dawe",0.7,"https://open.spotify.com/artist/2gduEC76ry33RVurAvT05p","ARTIST"
"6DgP9otnZw5z6daOntINxp","Joel Corry",0.81,"https://open.spotify.com/artist/6DgP9otnZw5z6daOntINxp","ARTIST"
"1bj5GrcLom5gZFF5t949Xl","Martin Solveig",0.71,"https://open.spotify.com/artist/1bj5GrcLom5gZFF5t949Xl","ARTIST"
"23fqKkggKUBHNkbKtXEls4","Kygo",0.86,"https://open.spotify.com/artist/23fqKkggKUBHNkbKtXEls4","ARTIST"
"4sTQVOfp9vEMCemLw50sbu","Galantis",0.76,"https://open.spotify.com/artist/4sTQVOfp9vEMCemLw50sbu","ARTIST"
"5MouCg6ta7zAxsfMEbc1uh","OMI",0.67,"https://open.spotify.com/artist/5MouCg6ta7zAxsfMEbc1uh","ARTIST"
"5w6mMj1qwSILG0pcylfchp","FÄIS",0.51,"https://open.spotify.com/artist/5w6mMj1qwSILG0pcylfchp","ARTIST"
"0awl5piYwO0CDTHEkCjUhn","Nico & Vinz",0.64,"https://open.spotify.com/artist/0awl5piYwO0CDTHEkCjUhn","ARTIST"
"2XnBwblw31dfGnspMIwgWz","Axwell /\ Ingrosso",0.7,"https://open.spotify.com/artist/2XnBwblw31dfGnspMIwgWz","ARTIST"
"0DxeaLnv6SyYk2DOqkLO8c","MAGIC!",0.69,"https://open.spotify.com/artist/0DxeaLnv6SyYk2DOqkLO8c","ARTIST"
"2D9Oe8R9UhbMvFAsMJpXj0","Kölsch",0.59,"https://open.spotify.com/artist/2D9Oe8R9UhbMvFAsMJpXj0","ARTIST"
"6XJeFzmI6vrWyHcdB7EImP","Andhim",0.51,"https://open.spotify.com/artist/6XJeFzmI6vrWyHcdB7EImP","ARTIST"
"2bfx0bw0uVRyfikzS3h5Mg","Animal Trainer",0.4,"https://open.spotify.com/artist/2bfx0bw0uVRyfikzS3h5Mg","ARTIST"
"4GYQytEFxnzqH96O6QywsA","Kellerkind",0.42,"https://open.spotify.com/artist/4GYQytEFxnzqH96O6QywsA","ARTIST"
"4jPpDbD1ERO3zjBon97ECM","Niko Schwind",0.46,"https://open.spotify.com/artist/4jPpDbD1ERO3zjBon97ECM","ARTIST"
"3egW8Pgmbjm5vS4EPXZond","Sascha Braemer",0.46,"https://open.spotify.com/artist/3egW8Pgmbjm5vS4EPXZond","ARTIST"
"70s3JhU9Ai0cIowagibjNI","Niconé",0.47,"https://open.spotify.com/artist/70s3JhU9Ai0cIowagibjNI","ARTIST"
"4yVEkQ8vCUQtJFRioN4Zhj","Marcus Meinhardt",0.34,"https://open.spotify.com/artist/4yVEkQ8vCUQtJFRioN4Zhj","ARTIST"
"5wMlMjOLeJfS5DfxqGfm83","Jan Blomqvist",0.58,"https://open.spotify.com/artist/5wMlMjOLeJfS5DfxqGfm83","ARTIST"
"4N6XVXvfjBPNFCdS56TCea","Dirty Doering",0.48,"https://open.spotify.com/artist/4N6XVXvfjBPNFCdS56TCea","ARTIST"
"64fjAjykuM8Oc3Bqup4g72","AKA AKA",0.56,"https://open.spotify.com/artist/64fjAjykuM8Oc3Bqup4g72","ARTIST"
"5zovXI5By2gUhdr7EByjLa","Monkey Safari",0.55,"https://open.spotify.com/artist/5zovXI5By2gUhdr7EByjLa","ARTIST"
"27j5PRcPefcI6q8as58zWF","Mollono.Bass",0.52,"https://open.spotify.com/artist/27j5PRcPefcI6q8as58zWF","ARTIST"
"198itnIfOerunuIbXqrXr3","The Glitz",0.24,"https://open.spotify.com/artist/198itnIfOerunuIbXqrXr3","ARTIST"
"0HZ3FXXgXyKoMHKwKSZOpq","Ron Flatter",0.47,"https://open.spotify.com/artist/0HZ3FXXgXyKoMHKwKSZOpq","ARTIST"
"0iTjLBepeGaLgZS18kxgRq","Oliver Schories",0.54,"https://open.spotify.com/artist/0iTjLBepeGaLgZS18kxgRq","ARTIST"
"1iZiG82D4w7FLHvOUUj4zW","Super Flu",0.5,"https://open.spotify.com/artist/1iZiG82D4w7FLHvOUUj4zW","ARTIST"
"08jywfUS0hp8XYlYs0cvz8","Rampa",0.51,"https://open.spotify.com/artist/08jywfUS0hp8XYlYs0cvz8","ARTIST"
"4ueT3TFdSmR04bDAiZbjsW","Ante Perry",0.38,"https://open.spotify.com/artist/4ueT3TFdSmR04bDAiZbjsW","ARTIST"
"67qmoqrkr162LFix4Czmlv","Umami",0.38,"https://open.spotify.com/artist/67qmoqrkr162LFix4Czmlv","ARTIST"
"3j2zB13syOvCyrkJIomEA2","Stereo Express",0.45,"https://open.spotify.com/artist/3j2zB13syOvCyrkJIomEA2","ARTIST"
"6eNOjuJSfKkAvbiGW90AkZ","Joachim Pastor",0.56,"https://open.spotify.com/artist/6eNOjuJSfKkAvbiGW90AkZ","ARTIST"
"6mU76NVrD4mcmA5WIoiUMV","Daniel Steinberg",0.45,"https://open.spotify.com/artist/6mU76NVrD4mcmA5WIoiUMV","ARTIST"
"5Am25tT39BPzreHngMkuux","Format:B",0.49,"https://open.spotify.com/artist/5Am25tT39BPzreHngMkuux","ARTIST"
"7tL5UmgvPx6TqKyf0Sjjw6","Marek Hemmann",0.48,"https://open.spotify.com/artist/7tL5UmgvPx6TqKyf0Sjjw6","ARTIST"
"6Th7POyVfZgiHJQ64ddV5Y","Rodriguez Jr.",0.52,"https://open.spotify.com/artist/6Th7POyVfZgiHJQ64ddV5Y","ARTIST"
"32fCH0Z7B8ydcz40ybZdqg","Andreas Henneberg",0.33,"https://open.spotify.com/artist/32fCH0Z7B8ydcz40ybZdqg","ARTIST"
"1LXTXZjheh25pXMEUT9iC1","Einmusik",0.52,"https://open.spotify.com/artist/1LXTXZjheh25pXMEUT9iC1","ARTIST"
"5iVuj2TcNIEBNnzGk97vfT","Dole & Kom",0.42,"https://open.spotify.com/artist/5iVuj2TcNIEBNnzGk97vfT","ARTIST"
"0f14r70OISSfJoyqYaHbgV","Anja Schneider",0.41,"https://open.spotify.com/artist/0f14r70OISSfJoyqYaHbgV","ARTIST"
"2XBuvmyzhH85j6sqv1fV3l","Robosonic",0.53,"https://open.spotify.com/artist/2XBuvmyzhH85j6sqv1fV3l","ARTIST"
"3m5g6NUg2akZ9Vv9D8GYBf","Mihalis Safras",0.4,"https://open.spotify.com/artist/3m5g6NUg2akZ9Vv9D8GYBf","ARTIST"
"7gY2UGpmfLNKfezQPuG7Hx","Alec Troniq",0.49,"https://open.spotify.com/artist/7gY2UGpmfLNKfezQPuG7Hx","ARTIST"
"5kLzaeSHrmS7okc5XNE6lv","Butch",0.44,"https://open.spotify.com/artist/5kLzaeSHrmS7okc5XNE6lv","ARTIST"
"1oXiuCd5F0DcnmXH5KaM6N","Kollektiv Turmstrasse",0.53,"https://open.spotify.com/artist/1oXiuCd5F0DcnmXH5KaM6N","ARTIST"
"2yPveJtn9DpeN0CgNJHvAQ","Stimming",0.44,"https://open.spotify.com/artist/2yPveJtn9DpeN0CgNJHvAQ","ARTIST"
"1cS5EoXVqz7aON00AkVBBA","DAVID AUGUST",0.5,"https://open.spotify.com/artist/1cS5EoXVqz7aON00AkVBBA","ARTIST"
"5wJK4kQAkVGjqM9x46KQOC","Solomun",0.63,"https://open.spotify.com/artist/5wJK4kQAkVGjqM9x46KQOC","ARTIST"
"3LHqODf1hGAgZ5LTw1Gf4C","Acid Pauli",0.55,"https://open.spotify.com/artist/3LHqODf1hGAgZ5LTw1Gf4C","ARTIST"
"1WjBIvYAnZTkTh5UiZNwlR","Oliver Koletzki",0.61,"https://open.spotify.com/artist/1WjBIvYAnZTkTh5UiZNwlR","ARTIST"
"4BaLB5aiExO29BEGVUisru","Be Svendsen",0.53,"https://open.spotify.com/artist/4BaLB5aiExO29BEGVUisru","ARTIST"
"0WSSKmoRbxqLf3MnXInQ2J","Max Cooper",0.53,"https://open.spotify.com/artist/0WSSKmoRbxqLf3MnXInQ2J","ARTIST"
"5tY2sa8I11tpMuhU9onQ6e","Nu",0.57,"https://open.spotify.com/artist/5tY2sa8I11tpMuhU9onQ6e","ARTIST"
"44zcDDVZOY0ck7KECNUPK1","Dominik Eulberg",0.48,"https://open.spotify.com/artist/44zcDDVZOY0ck7KECNUPK1","ARTIST"
"32wcuqRxZuBY5HbH1bWa8h","Tube & Berger",0.54,"https://open.spotify.com/artist/32wcuqRxZuBY5HbH1bWa8h","ARTIST"
"1YkHCcMgZ6fTQMeEQyYKTf","Moonbootica",0.46,"https://open.spotify.com/artist/1YkHCcMgZ6fTQMeEQyYKTf","ARTIST"
"2vDXLZ9mI3CdTPPIzFUKlY","Lexer",0.47,"https://open.spotify.com/artist/2vDXLZ9mI3CdTPPIzFUKlY","ARTIST"
"0r0m8up7CjS8TJodH2HX7C","Solee",0.47,"https://open.spotify.com/artist/0r0m8up7CjS8TJodH2HX7C","ARTIST"
"3HRRzIZNQFus3xlUx2xKy1","Joris Delacroix",0.51,"https://open.spotify.com/artist/3HRRzIZNQFus3xlUx2xKy1","ARTIST"
"3VRvi42U8SsiT4YKP5LNCB","Extrawelt",0.47,"https://open.spotify.com/artist/3VRvi42U8SsiT4YKP5LNCB","ARTIST"
"3vy8oQAubj1IykJLLqvVFC","Gregor Tresher",0.39,"https://open.spotify.com/artist/3vy8oQAubj1IykJLLqvVFC","ARTIST"
"0NBGssQpgDczTsVEp4pCbR","Oliver Huntemann",0.46,"https://open.spotify.com/artist/0NBGssQpgDczTsVEp4pCbR","ARTIST"
"27LGatz1m8aJ7ZaVVWEphc","Gui Boratto",0.5,"https://open.spotify.com/artist/27LGatz1m8aJ7ZaVVWEphc","ARTIST"
"2nq2BeSbzExGAv3Y4HgUf7","Stephan Bodzin",0.51,"https://open.spotify.com/artist/2nq2BeSbzExGAv3Y4HgUf7","ARTIST"
"5XFQLyJekhzCO7PiTqboOB","Robert Babicz",0.41,"https://open.spotify.com/artist/5XFQLyJekhzCO7PiTqboOB","ARTIST"
"1dDTkRz9WVOQr63enjJ1Yd","Sascha Funke",0.39,"https://open.spotify.com/artist/1dDTkRz9WVOQr63enjJ1Yd","ARTIST"
"2CKaDZ1Yo8YnWega9IeUzB","Booka Shade",0.56,"https://open.spotify.com/artist/2CKaDZ1Yo8YnWega9IeUzB","ARTIST"
"6JGLndnzrQrIFkd8NFha3C","Dusty Kid",0.48,"https://open.spotify.com/artist/6JGLndnzrQrIFkd8NFha3C","ARTIST"
"3q7XOzzlff7iCLz2JNalDV","Minilogue",0.31,"https://open.spotify.com/artist/3q7XOzzlff7iCLz2JNalDV","ARTIST"
"623ecFS6T9xsx9Rb98eii5","Marc Romboy",0.43,"https://open.spotify.com/artist/623ecFS6T9xsx9Rb98eii5","ARTIST"
"04jj7dljPI0ixtNsz2pXWK","Pig&Dan",0.46,"https://open.spotify.com/artist/04jj7dljPI0ixtNsz2pXWK","ARTIST"
"6OQOvP7RAdmAKVXXQqD0Se","Pan-Pot",0.45,"https://open.spotify.com/artist/6OQOvP7RAdmAKVXXQqD0Se","ARTIST"
"7ry8L53T4oJtSIogGYuioq","NTO",0.58,"https://open.spotify.com/artist/7ry8L53T4oJtSIogGYuioq","ARTIST"
"5RPzPJCg4ER1LzQkorZ31p","Worakls",0.61,"https://open.spotify.com/artist/5RPzPJCg4ER1LzQkorZ31p","ARTIST"
"6sOEMfvCfHQ9dhSWyamXVb","Nils Hoffmann",0.57,"https://open.spotify.com/artist/6sOEMfvCfHQ9dhSWyamXVb","ARTIST"
"7uZckwZIIL89Paj8E1GEFO","Teho",0.47,"https://open.spotify.com/artist/7uZckwZIIL89Paj8E1GEFO","ARTIST"
"3Dw9w3jnmr58ocgxiwITcq","Rone",0.54,"https://open.spotify.com/artist/3Dw9w3jnmr58ocgxiwITcq","ARTIST"
"4x2Ejyd2OGXtZrPvAQWvYL","Stereoclip",0.45,"https://open.spotify.com/artist/4x2Ejyd2OGXtZrPvAQWvYL","ARTIST"
"7lzYA6Ju09G9hcMA6RVelF","Melokind",0.41,"https://open.spotify.com/artist/7lzYA6Ju09G9hcMA6RVelF","ARTIST"
"4MxsTQbn9jctKNfDlYrYNh","Tinush",0.46,"https://open.spotify.com/artist/4MxsTQbn9jctKNfDlYrYNh","ARTIST"
"4ZnZnqNlIMadbLWzurTTii","Monkeybrain",0.27,"https://open.spotify.com/artist/4ZnZnqNlIMadbLWzurTTii","ARTIST"
"2dUsAHSrnsFvNpNpAV4aGI","Mees Dierdorp",0.39,"https://open.spotify.com/artist/2dUsAHSrnsFvNpNpAV4aGI","ARTIST"
"6mbgZyWRlDKMVMALyV28sl","Nico Pusch",0.36,"https://open.spotify.com/artist/6mbgZyWRlDKMVMALyV28sl","ARTIST"
"08Ut1tYxtmgIInVyQqohkM","Fritz Kalkbrenner",0.6,"https://open.spotify.com/artist/08Ut1tYxtmgIInVyQqohkM","ARTIST"
"0rasA5Z5h1ITtHelCpfu9R","Paul Kalkbrenner",0.66,"https://open.spotify.com/artist/0rasA5Z5h1ITtHelCpfu9R","ARTIST"
"4lu50np3LdTkRL09T7x8UP","Agoria",0.52,"https://open.spotify.com/artist/4lu50np3LdTkRL09T7x8UP","ARTIST"
"5Jpy5UevFNksfrxNyE7tcE","Lexy & K-Paul",0.4,"https://open.spotify.com/artist/5Jpy5UevFNksfrxNyE7tcE","ARTIST"
"6caPJFLv1wesmM7gwK1ACy","Boris Brejcha",0.66,"https://open.spotify.com/artist/6caPJFLv1wesmM7gwK1ACy","ARTIST"
"4jGpKAmwvU263l0tUh4xKU","Joris Voorn",0.58,"https://open.spotify.com/artist/4jGpKAmwvU263l0tUh4xKU","ARTIST"
"0zmnkCTbAxYsZAMIqXEzfS","Dosem",0.44,"https://open.spotify.com/artist/0zmnkCTbAxYsZAMIqXEzfS","ARTIST"
"0Z2EpubIhxnq4B6PV0I8n3","Christian Smith",0.42,"https://open.spotify.com/artist/0Z2EpubIhxnq4B6PV0I8n3","ARTIST"
"2hPCF7VDHhihvNdobslOHw","Spada",0.48,"https://open.spotify.com/artist/2hPCF7VDHhihvNdobslOHw","ARTIST"
"532SqCIYmJyXEdEiCJLgYG","Cristoph",0.57,"https://open.spotify.com/artist/532SqCIYmJyXEdEiCJLgYG","ARTIST"
"7CpmbhzkL9uT1D9nhckTxB","Joseph Ashworth",0.33,"https://open.spotify.com/artist/7CpmbhzkL9uT1D9nhckTxB","ARTIST"
"5gTVJRQmuS88nOhhdHqErL","Jody Wisternoff",0.54,"https://open.spotify.com/artist/5gTVJRQmuS88nOhhdHqErL","ARTIST"
"0u2qG4roqULELVVO9fMgSG","16BL",0.47,"https://open.spotify.com/artist/0u2qG4roqULELVVO9fMgSG","ARTIST"
"2Nd5J1iedlzuNp32YYNuAl","Jon Gurd",0.35,"https://open.spotify.com/artist/2Nd5J1iedlzuNp32YYNuAl","ARTIST"
"3N25CMw5c1CeTTWa3cHUYm","Solarity",0.29,"https://open.spotify.com/artist/3N25CMw5c1CeTTWa3cHUYm","ARTIST"
"3Uvzk4iffO4mvchgRNJjbs","Audiojack",0.37,"https://open.spotify.com/artist/3Uvzk4iffO4mvchgRNJjbs","ARTIST"
"5mpJ1Z8BYEOG0rrdO4a2nG","Jaytech",0.46,"https://open.spotify.com/artist/5mpJ1Z8BYEOG0rrdO4a2nG","ARTIST"
"7Em4kWZ5atMYknHwSkp3gD","Guy J",0.41,"https://open.spotify.com/artist/7Em4kWZ5atMYknHwSkp3gD","ARTIST"
"0NznnEmGCRqungT5a57GG3","Simon Doty",0.37,"https://open.spotify.com/artist/0NznnEmGCRqungT5a57GG3","ARTIST"
"14G0lujBF81VHxi1gYt9A1","Rolo Green",0.35,"https://open.spotify.com/artist/14G0lujBF81VHxi1gYt9A1","ARTIST"
"2bqGPuC8kDCTLWieGOyWxu","Nox Vahn",0.45,"https://open.spotify.com/artist/2bqGPuC8kDCTLWieGOyWxu","ARTIST"
"3C046bLxNmvBQyaucinAhf","Julian Jeweil",0.42,"https://open.spotify.com/artist/3C046bLxNmvBQyaucinAhf","ARTIST"
"1XcPIHqirx1Jaxm2bAxMeV","gardenstate",0.42,"https://open.spotify.com/artist/1XcPIHqirx1Jaxm2bAxMeV","ARTIST"
"3DQ7WGIfJ4z4aQzNE1bNFF","Hosini",0.43,"https://open.spotify.com/artist/3DQ7WGIfJ4z4aQzNE1bNFF","ARTIST"
"1FY8kqUQKHwjibwLbp5cey","Eelke Kleijn",0.51,"https://open.spotify.com/artist/1FY8kqUQKHwjibwLbp5cey","ARTIST"
"7aY9PtsNws5AdwbdktfbaN","Nick Warren",0.37,"https://open.spotify.com/artist/7aY9PtsNws5AdwbdktfbaN","ARTIST"
"6MzHMxgYcbj6ue5w9pbNp9","Stan Kolev",0.42,"https://open.spotify.com/artist/6MzHMxgYcbj6ue5w9pbNp9","ARTIST"
"1f5QPXLfjlzlG77lCkdl0W","Henry Saiz",0.39,"https://open.spotify.com/artist/1f5QPXLfjlzlG77lCkdl0W","ARTIST"
"4mpJaw5y17CIN08qqe8EfB","Hernan Cattaneo",0.46,"https://open.spotify.com/artist/4mpJaw5y17CIN08qqe8EfB","ARTIST"
"6pWibdpstk7c1dp0NVi9xJ","Cid Inc.",0.33,"https://open.spotify.com/artist/6pWibdpstk7c1dp0NVi9xJ","ARTIST"
"3HghjRl8Mo6OJWG0WElY2z","Way Out West",0.46,"https://open.spotify.com/artist/3HghjRl8Mo6OJWG0WElY2z","ARTIST"
"7M7DUxK3f7hR03EwfwldZQ","Khen",0.38,"https://open.spotify.com/artist/7M7DUxK3f7hR03EwfwldZQ","ARTIST"
"5vdjF79d5d2m12FOkJhxHB","Jeremy Olander",0.46,"https://open.spotify.com/artist/5vdjF79d5d2m12FOkJhxHB","ARTIST"
"3xnDktxhudJR2Wv3HZDQ9W","John Digweed",0.38,"https://open.spotify.com/artist/3xnDktxhudJR2Wv3HZDQ9W","ARTIST"
"5Dyfxq0ZrFjjeFBdSNxDbo","Yotto",0.57,"https://open.spotify.com/artist/5Dyfxq0ZrFjjeFBdSNxDbo","ARTIST"
"17j0kFtqn9Fss3D916jSlp","Sébastien Léger",0.47,"https://open.spotify.com/artist/17j0kFtqn9Fss3D916jSlp","ARTIST"
"5CkVLGKUJkIc1pmSk10QP4","Eli & Fur",0.54,"https://open.spotify.com/artist/5CkVLGKUJkIc1pmSk10QP4","ARTIST"
"2MNTXvxPuFuHRYSMN7EEFL","Budakid",0.38,"https://open.spotify.com/artist/2MNTXvxPuFuHRYSMN7EEFL","ARTIST"
"4nMIbZxtt1kWqUZ8VNKvjU","Cubicolor",0.51,"https://open.spotify.com/artist/4nMIbZxtt1kWqUZ8VNKvjU","ARTIST"
"7lWXLanCRGVkiZxWZFDM9u","Reeko",0.28,"https://open.spotify.com/artist/7lWXLanCRGVkiZxWZFDM9u","ARTIST"
"2BUDRaPyW8Q1iBgEwzNiAk","Exium",0.24,"https://open.spotify.com/artist/2BUDRaPyW8Q1iBgEwzNiAk","ARTIST"
"1tEQJQE1PCcfNVpQlM6I0X","Stanislav Tolkachev",0.21,"https://open.spotify.com/artist/1tEQJQE1PCcfNVpQlM6I0X","ARTIST"
"4UiRPifoPfW3sozAElsHYe","Inigo Kennedy",0.2,"https://open.spotify.com/artist/4UiRPifoPfW3sozAElsHYe","ARTIST"
"3jisZjR3TBVb9tIfTbRHTS","Oscar Mulero",0.29,"https://open.spotify.com/artist/3jisZjR3TBVb9tIfTbRHTS","ARTIST"
"2cE64RtSkS5CE0075eMMCt","Takaaki Itoh",0.18,"https://open.spotify.com/artist/2cE64RtSkS5CE0075eMMCt","ARTIST"
"3quiO6Un8G55TpLqs3gRv8","Shifted",0.24,"https://open.spotify.com/artist/3quiO6Un8G55TpLqs3gRv8","ARTIST"
"4erwZm1JybuSPTUg5Bu7nT","Regis",0.26,"https://open.spotify.com/artist/4erwZm1JybuSPTUg5Bu7nT","ARTIST"
"0f4ne0cd4tbiZCLzpb1QoX","Developer",0.22,"https://open.spotify.com/artist/0f4ne0cd4tbiZCLzpb1QoX","ARTIST"
"2w2yKSYPjPrgwDeDRq7npS","Bas Mooy",0.14,"https://open.spotify.com/artist/2w2yKSYPjPrgwDeDRq7npS","ARTIST"
"1JxLnEvBPdm9baryEFzE50","Truncate",0.31,"https://open.spotify.com/artist/1JxLnEvBPdm9baryEFzE50","ARTIST"
"2t9nXmwTyxsqEEpIdduEfj","Jeroen Search",0.19,"https://open.spotify.com/artist/2t9nXmwTyxsqEEpIdduEfj","ARTIST"
"7umQgFrDu3yrchEbFfJd60","Planetary Assault Systems",0.28,"https://open.spotify.com/artist/7umQgFrDu3yrchEbFfJd60","ARTIST"
"5naKaYAyzzuPDsh4H2dwyT","Rrose",0.26,"https://open.spotify.com/artist/5naKaYAyzzuPDsh4H2dwyT","ARTIST"
"1CxlOLe7rJ6EO7aPMxi9Xx","James Ruskin",0.26,"https://open.spotify.com/artist/1CxlOLe7rJ6EO7aPMxi9Xx","ARTIST"
"3mRdWhXS0ujP6WUjpOiHB1","Tensal",0.21,"https://open.spotify.com/artist/3mRdWhXS0ujP6WUjpOiHB1","ARTIST"
"4iyqyvWXO734GUNLTTnrPQ","Perc",0.36,"https://open.spotify.com/artist/4iyqyvWXO734GUNLTTnrPQ","ARTIST"
"6qavLbYvbSKWqwlz00CoBe","Pfirter",0.24,"https://open.spotify.com/artist/6qavLbYvbSKWqwlz00CoBe","ARTIST"
"0mMCjSZUnt7dQBzZdCd2ez","Ø [Phase]",0.29,"https://open.spotify.com/artist/0mMCjSZUnt7dQBzZdCd2ez","ARTIST"
"52NOZYgYNsmv3nS0me6cqO","Answer Code Request",0.25,"https://open.spotify.com/artist/52NOZYgYNsmv3nS0me6cqO","ARTIST"
"4J40QxeLUmTv8D2gwXLKMV","Christian Wunsch",0.09,"https://open.spotify.com/artist/4J40QxeLUmTv8D2gwXLKMV","ARTIST"
"5OvpF1A65DXs93M9NfPIjT","Patrice Bäumel",0.47,"https://open.spotify.com/artist/5OvpF1A65DXs93M9NfPIjT","ARTIST"
"5muFO8VqYRCRW13EkvX564","Âme",0.47,"https://open.spotify.com/artist/5muFO8VqYRCRW13EkvX564","ARTIST"
"3bqBkAzdPwEDe1JUvb7ZeC","Guy Gerber",0.49,"https://open.spotify.com/artist/3bqBkAzdPwEDe1JUvb7ZeC","ARTIST"
"6Jbyd4qzEtbFtswZP1o6Ht","Agents Of Time",0.41,"https://open.spotify.com/artist/6Jbyd4qzEtbFtswZP1o6Ht","ARTIST"
"11aPF3sc8lDWNqPVInm4Zx","Kevin de Vries",0.41,"https://open.spotify.com/artist/11aPF3sc8lDWNqPVInm4Zx","ARTIST"
"48LWLoeY0dhwaiX1FRsn72","Mind Against",0.46,"https://open.spotify.com/artist/48LWLoeY0dhwaiX1FRsn72","ARTIST"
"1UL813H5aj3e8ekE5RqWqc","Tale Of Us",0.54,"https://open.spotify.com/artist/1UL813H5aj3e8ekE5RqWqc","ARTIST"
"3TXQ1ddouwQAI78hV4hXDj","Maceo Plex",0.55,"https://open.spotify.com/artist/3TXQ1ddouwQAI78hV4hXDj","ARTIST"
"6qdVbTc8Uvy0VJyDZbYTd8","Marino Canal",0.45,"https://open.spotify.com/artist/6qdVbTc8Uvy0VJyDZbYTd8","ARTIST"
"5Hini2nQyoglzpdKe41cZt","UMEK",0.52,"https://open.spotify.com/artist/5Hini2nQyoglzpdKe41cZt","ARTIST"
"2jop7P9uKGHVtQAv59lDxT","Spektre",0.45,"https://open.spotify.com/artist/2jop7P9uKGHVtQAv59lDxT","ARTIST"
"2UzAShzs3DO53bSZqvf8Ri","Wehbba",0.37,"https://open.spotify.com/artist/2UzAShzs3DO53bSZqvf8Ri","ARTIST"
"7KkV7dFoGEXr4M3fpb1FgD","Thomas Schumacher",0.46,"https://open.spotify.com/artist/7KkV7dFoGEXr4M3fpb1FgD","ARTIST"
"2OpUrUeIF1sqWHwSbMPNkB","Spartaque",0.42,"https://open.spotify.com/artist/2OpUrUeIF1sqWHwSbMPNkB","ARTIST"
"7mC3RkNNTV6p2j9w4F8Ip4","Layton Giordani",0.47,"https://open.spotify.com/artist/7mC3RkNNTV6p2j9w4F8Ip4","ARTIST"
"40JyDxGqtYSowWYT2jaive","Alan Fitzpatrick",0.54,"https://open.spotify.com/artist/40JyDxGqtYSowWYT2jaive","ARTIST"
"1btv9qmIpbp7q1ixCYNdHu","Adam Beyer",0.52,"https://open.spotify.com/artist/1btv9qmIpbp7q1ixCYNdHu","ARTIST"
"5BFl4h5TXYSSJsCteTX3s1","Ramon Tapia",0.47,"https://open.spotify.com/artist/5BFl4h5TXYSSJsCteTX3s1","ARTIST"
"59a1Bp0JQfL2mGnpL0lW2Y","Joyhauser",0.5,"https://open.spotify.com/artist/59a1Bp0JQfL2mGnpL0lW2Y","ARTIST"
"3wkaDi2HJV3eCaBJ4iH6om","ANNA",0.47,"https://open.spotify.com/artist/3wkaDi2HJV3eCaBJ4iH6om","ARTIST"
"1u7DsNFbakULvxnDGtMm90","Enrico Sangiuliano",0.49,"https://open.spotify.com/artist/1u7DsNFbakULvxnDGtMm90","ARTIST"
"1lJhME1ZpzsEa5M0wW6Mso","Charlotte de Witte",0.58,"https://open.spotify.com/artist/1lJhME1ZpzsEa5M0wW6Mso","ARTIST"
"6rxmj7vNEofe96g84qMWoV","Jay Lumen",0.38,"https://open.spotify.com/artist/6rxmj7vNEofe96g84qMWoV","ARTIST"
"3bVYqr2NfmwmL4YJisWhJI","Dubfire",0.44,"https://open.spotify.com/artist/3bVYqr2NfmwmL4YJisWhJI","ARTIST"
"01e2lCvLZ4fLUIRy68nptH","Wankelmut",0.6,"https://open.spotify.com/artist/01e2lCvLZ4fLUIRy68nptH","ARTIST"
"38jpuy3yt3QIxQ8Fn1HTeJ","Mat.Joe",0.45,"https://open.spotify.com/artist/38jpuy3yt3QIxQ8Fn1HTeJ","ARTIST"
"44T94QQEc60Jf7kqGY6Rip","Lee Foss",0.53,"https://open.spotify.com/artist/44T94QQEc60Jf7kqGY6Rip","ARTIST"
"4aKZ8rfdsQeR7YSskFu9V3","Hot Natured",0.49,"https://open.spotify.com/artist/4aKZ8rfdsQeR7YSskFu9V3","ARTIST"
"4uZJDUKi3NXQsuMKP3rOeC","Miguel Campbell",0.45,"https://open.spotify.com/artist/4uZJDUKi3NXQsuMKP3rOeC","ARTIST"
"4admDxmnri5Zco0xYrJ0ji","Jamie Jones",0.57,"https://open.spotify.com/artist/4admDxmnri5Zco0xYrJ0ji","ARTIST"
"7Gsu15RkjjdKhMecdRpk9x","Art Department",0.32,"https://open.spotify.com/artist/7Gsu15RkjjdKhMecdRpk9x","ARTIST"
"1ac5NUFh98sMs0DGX4xlSt","Richy Ahmed",0.33,"https://open.spotify.com/artist/1ac5NUFh98sMs0DGX4xlSt","ARTIST"
"6TshTCYwh9ySzOO6Jy4Ux2","Maya Jane Coles",0.57,"https://open.spotify.com/artist/6TshTCYwh9ySzOO6Jy4Ux2","ARTIST"
"0c8mm66bWaIlx5jdUhyYne","PillowTalk",0.46,"https://open.spotify.com/artist/0c8mm66bWaIlx5jdUhyYne","ARTIST"
"1tRBmMtER4fGrzrt8O9VpS","Hot Since 82",0.57,"https://open.spotify.com/artist/1tRBmMtER4fGrzrt8O9VpS","ARTIST"
"0PEfTatx7R08s3nFrn9teD","Soul Clap",0.4,"https://open.spotify.com/artist/0PEfTatx7R08s3nFrn9teD","ARTIST"
"4UW65n6QZ8YmanLPuUXVui","Lovebirds",0.47,"https://open.spotify.com/artist/4UW65n6QZ8YmanLPuUXVui","ARTIST"
"6fJvW51nWhRImJyos6O7sT","Huxley",0.44,"https://open.spotify.com/artist/6fJvW51nWhRImJyos6O7sT","ARTIST"
"3Ckt7DNBcLi93B2LGyKYzy","Finnebassen",0.42,"https://open.spotify.com/artist/3Ckt7DNBcLi93B2LGyKYzy","ARTIST"
"5D23i7SCIXNP6GRHte99Md","Karmon",0.39,"https://open.spotify.com/artist/5D23i7SCIXNP6GRHte99Md","ARTIST"
"6jOz2B9qeID4dLP1o8bFGf","Crazy P",0.56,"https://open.spotify.com/artist/6jOz2B9qeID4dLP1o8bFGf","ARTIST"
"4aS7S2ESEryZfhTWcSgLXk","Maxxi Soundsystem",0.34,"https://open.spotify.com/artist/4aS7S2ESEryZfhTWcSgLXk","ARTIST"
"75nC6MXUalYZSOd7OfNkwq","Tensnake",0.57,"https://open.spotify.com/artist/75nC6MXUalYZSOd7OfNkwq","ARTIST"
"2JnkjHtuUjz83gkEx8QMS4","Adana Twins",0.52,"https://open.spotify.com/artist/2JnkjHtuUjz83gkEx8QMS4","ARTIST"
"1Zwt7HXzjxAHMfrNhwUuSm","Benoit & Sergio",0.31,"https://open.spotify.com/artist/1Zwt7HXzjxAHMfrNhwUuSm","ARTIST"
"5H2Ir5oA547rZrma8ZXFs5","Max Chapman",0.44,"https://open.spotify.com/artist/5H2Ir5oA547rZrma8ZXFs5","ARTIST"
"0j4dGWeyGGE4GvrAzdZIZ5","Raffa Fl",0.45,"https://open.spotify.com/artist/0j4dGWeyGGE4GvrAzdZIZ5","ARTIST"
"4OHSon9N7JAfxkjlH8nKDb","wAFF",0.3,"https://open.spotify.com/artist/4OHSon9N7JAfxkjlH8nKDb","ARTIST"
"5P5SpM7u8xeNc2pj6ncxXy","Rich NxT",0.3,"https://open.spotify.com/artist/5P5SpM7u8xeNc2pj6ncxXy","ARTIST"
"0J6ZEXmLQfZMeHBoa4JZTH","Sidney Charles",0.43,"https://open.spotify.com/artist/0J6ZEXmLQfZMeHBoa4JZTH","ARTIST"
"690s28S2ybWXTI9IdX86mO","DeMarzo",0.3,"https://open.spotify.com/artist/690s28S2ybWXTI9IdX86mO","ARTIST"
"6PDUdAoMV9dMy0wOt09Rsf","Darius Syrossian",0.43,"https://open.spotify.com/artist/6PDUdAoMV9dMy0wOt09Rsf","ARTIST"
"0EAlTKO2HfATH766bVH1rX","Josh Butler",0.5,"https://open.spotify.com/artist/0EAlTKO2HfATH766bVH1rX","ARTIST"
"4cvdQRyHmkSQSakUrW2oxv","Michael Bibi",0.53,"https://open.spotify.com/artist/4cvdQRyHmkSQSakUrW2oxv","ARTIST"
"4E0HD2PMY8kQJIjlShrLUS","PAWSA",0.51,"https://open.spotify.com/artist/4E0HD2PMY8kQJIjlShrLUS","ARTIST"
"2IwfvuKftX9D7CFF4qCTM8","Seb Zito",0.31,"https://open.spotify.com/artist/2IwfvuKftX9D7CFF4qCTM8","ARTIST"
"4W991QdgKWX4TO864ypInA","Eats Everything",0.5,"https://open.spotify.com/artist/4W991QdgKWX4TO864ypInA","ARTIST"
"27mWOSZjlpmtoqsRjRwQyu","Dennis Cruz",0.52,"https://open.spotify.com/artist/27mWOSZjlpmtoqsRjRwQyu","ARTIST"
"7GwCNTWgIGOdOX5vXRsht4","James Dexter",0.36,"https://open.spotify.com/artist/7GwCNTWgIGOdOX5vXRsht4","ARTIST"
"5k5eiijuHxrGwXp2Pz37GZ","Justin Jay",0.48,"https://open.spotify.com/artist/5k5eiijuHxrGwXp2Pz37GZ","ARTIST"
"21j2G9IPn9QLHII7faCOsw","Ardalan",0.39,"https://open.spotify.com/artist/21j2G9IPn9QLHII7faCOsw","ARTIST"
"5zheoDzRTIhWzE1j1DttZf","Sacha Robotti",0.29,"https://open.spotify.com/artist/5zheoDzRTIhWzE1j1DttZf","ARTIST"
"1lAwVq9MxNJkB0dEY6xNoV","Walker & Royce",0.48,"https://open.spotify.com/artist/1lAwVq9MxNJkB0dEY6xNoV","ARTIST"
"4FN8WHqUbwkd97WEjoCu7B","Justin Martin",0.46,"https://open.spotify.com/artist/4FN8WHqUbwkd97WEjoCu7B","ARTIST"
"1kK55jT4F39yCsQBOjcDgj","Christian Martin",0.24,"https://open.spotify.com/artist/1kK55jT4F39yCsQBOjcDgj","ARTIST"
"7h9yW5sJS4vddfJ8nBSpxP","Steve Darko",0.3,"https://open.spotify.com/artist/7h9yW5sJS4vddfJ8nBSpxP","ARTIST"
"4vOWtH59x00IhY805tdf74","Billy Kenny",0.41,"https://open.spotify.com/artist/4vOWtH59x00IhY805tdf74","ARTIST"
"7Hr9bE0u9Rl5n6QahVNRnc","Shiba San",0.46,"https://open.spotify.com/artist/7Hr9bE0u9Rl5n6QahVNRnc","ARTIST"
"4q0N3EI67tVnAeeaXbNQIj","J. Worra",0.4,"https://open.spotify.com/artist/4q0N3EI67tVnAeeaXbNQIj","ARTIST"
"7LJSAfWhO7jhjnewy6pKyZ","Kyle Watson",0.52,"https://open.spotify.com/artist/7LJSAfWhO7jhjnewy6pKyZ","ARTIST"
"5CYAFhywQTXdZmppCp0ukd","Claude VonStroke",0.48,"https://open.spotify.com/artist/5CYAFhywQTXdZmppCp0ukd","ARTIST"
"5tYqFEuFELxnJZgGmmsfSh","Catz 'n Dogz",0.46,"https://open.spotify.com/artist/5tYqFEuFELxnJZgGmmsfSh","ARTIST"
"3PYRXP25JcbqhvNaJYcnWy","OMNOM",0.32,"https://open.spotify.com/artist/3PYRXP25JcbqhvNaJYcnWy","ARTIST"
"1OmOdgwIzub8DYPxQYbbbi","Will Clarke",0.51,"https://open.spotify.com/artist/1OmOdgwIzub8DYPxQYbbbi","ARTIST"
"2GVtgxcx7jg5xVCZsIHSGN","Dombresky",0.56,"https://open.spotify.com/artist/2GVtgxcx7jg5xVCZsIHSGN","ARTIST"
"3ky8xBRraNNzxzXEw6Ga0c","Anabel Englund",0.6,"https://open.spotify.com/artist/3ky8xBRraNNzxzXEw6Ga0c","ARTIST"
"7mJYO2qwtt4sUj2JJLO58V","Pleasure State",0.31,"https://open.spotify.com/artist/7mJYO2qwtt4sUj2JJLO58V","ARTIST"
"39B7ChWwrWDs7zXlsu3MoP","Sonny Fodera",0.69,"https://open.spotify.com/artist/39B7ChWwrWDs7zXlsu3MoP","ARTIST"
"7eYXtOjJGhrM16cK2hRmnR","Leftwing : Kody",0.52,"https://open.spotify.com/artist/7eYXtOjJGhrM16cK2hRmnR","ARTIST"
"1bJJlRHoc1UVeqzxcrPLIw","Phantoms",0.52,"https://open.spotify.com/artist/1bJJlRHoc1UVeqzxcrPLIw","ARTIST"
"2IuegvTxG5ryGxsce4U1aA","RYBO",0.23,"https://open.spotify.com/artist/2IuegvTxG5ryGxsce4U1aA","ARTIST"
"1Zz6NBe8UIZjm88TvehFtx","Le Youth",0.57,"https://open.spotify.com/artist/1Zz6NBe8UIZjm88TvehFtx","ARTIST"
"7kNqXtgeIwFtelmRjWv205","John Summit",0.64,"https://open.spotify.com/artist/7kNqXtgeIwFtelmRjWv205","ARTIST"
"0bUZrFj7rstq07E4iAJHgZ","KC Lights",0.57,"https://open.spotify.com/artist/0bUZrFj7rstq07E4iAJHgZ","ARTIST"
"5ITI6SEoUZMIXXkzCfr4oE","Aluna",0.64,"https://open.spotify.com/artist/5ITI6SEoUZMIXXkzCfr4oE","ARTIST"
"1ChtRJ3f4rbv4vtz87i6CD","Cassian",0.55,"https://open.spotify.com/artist/1ChtRJ3f4rbv4vtz87i6CD","ARTIST"
"3IG3Ub4ra8AuSxCFDVkVco","Franky Wah",0.54,"https://open.spotify.com/artist/3IG3Ub4ra8AuSxCFDVkVco","ARTIST"
"052B9SONfhoScw7dgYWw5o","Biscits",0.56,"https://open.spotify.com/artist/052B9SONfhoScw7dgYWw5o","ARTIST"
"5lVNSw2GPci8kebrAQpZqU","Eli Brown",0.58,"https://open.spotify.com/artist/5lVNSw2GPci8kebrAQpZqU","ARTIST"
"2E1NFr5AeEGUJkLUUsWCAO","OFFAIAH",0.52,"https://open.spotify.com/artist/2E1NFr5AeEGUJkLUUsWCAO","ARTIST"
"4FJPplt1JOVw8Q7NiwFmLv","Friend Within",0.48,"https://open.spotify.com/artist/4FJPplt1JOVw8Q7NiwFmLv","ARTIST"
"2ew9JvyyuOGkhahuwdovDq","Secondcity",0.57,"https://open.spotify.com/artist/2ew9JvyyuOGkhahuwdovDq","ARTIST"
"0FBRY66KVaAiddGVefikLB","WEISS",0.61,"https://open.spotify.com/artist/0FBRY66KVaAiddGVefikLB","ARTIST"
"1dgdvbogmctybPrGEcnYf6","Route 94",0.61,"https://open.spotify.com/artist/1dgdvbogmctybPrGEcnYf6","ARTIST"
"05z4P0nQO00HG5WeErugd0","DJ S.K.T",0.51,"https://open.spotify.com/artist/05z4P0nQO00HG5WeErugd0","ARTIST"
"6n5ccknvteaKfN4WA2qf3C","Illyus & Barrientos",0.5,"https://open.spotify.com/artist/6n5ccknvteaKfN4WA2qf3C","ARTIST"
"5OImcY3khBn9UFjzgaapob","Low Steppa",0.57,"https://open.spotify.com/artist/5OImcY3khBn9UFjzgaapob","ARTIST"
"7yRimuQSC5Ks3T2Ts0iyZa","Patrick Topping",0.53,"https://open.spotify.com/artist/7yRimuQSC5Ks3T2Ts0iyZa","ARTIST"
"0Q9slhIaEgg190iG8udYIV","Philip George",0.55,"https://open.spotify.com/artist/0Q9slhIaEgg190iG8udYIV","ARTIST"
"0ZwQMCRqfyh1OGQkBh9Cnj","Kideko",0.5,"https://open.spotify.com/artist/0ZwQMCRqfyh1OGQkBh9Cnj","ARTIST"
"0oO1IaDOBSeI96HbnCa5pZ","Solardo",0.59,"https://open.spotify.com/artist/0oO1IaDOBSeI96HbnCa5pZ","ARTIST"
"26OrZl5U3VNGHU9qUj8EcM","Shift K3Y",0.62,"https://open.spotify.com/artist/26OrZl5U3VNGHU9qUj8EcM","ARTIST"
"2D51qkOmTNsNQj3C4LIvH7","Sammy Porter",0.46,"https://open.spotify.com/artist/2D51qkOmTNsNQj3C4LIvH7","ARTIST"
"16KSSLMXOdKQ2MHt9bOHTG","Tough Love",0.49,"https://open.spotify.com/artist/16KSSLMXOdKQ2MHt9bOHTG","ARTIST"
"7sK4hnuUOXw6VStDw0q8NI","Hannah Wants",0.49,"https://open.spotify.com/artist/7sK4hnuUOXw6VStDw0q8NI","ARTIST"
"3cnAJv9gydgm52KFIsdvO8","Ferreck Dawn",0.59,"https://open.spotify.com/artist/3cnAJv9gydgm52KFIsdvO8","ARTIST"
"5eALE6GKSAiBNMyqpsqoeX","GotSome",0.37,"https://open.spotify.com/artist/5eALE6GKSAiBNMyqpsqoeX","ARTIST"
"49qOEODA3n8HiVUY4uwJbU","Gene Farris",0.43,"https://open.spotify.com/artist/49qOEODA3n8HiVUY4uwJbU","ARTIST"
"0s122QsNac4WSqoVsFD60m","Rene Amesz",0.53,"https://open.spotify.com/artist/0s122QsNac4WSqoVsFD60m","ARTIST"
"2An2rcMqBw43CIZbmeesnd","Johan S",0.32,"https://open.spotify.com/artist/2An2rcMqBw43CIZbmeesnd","ARTIST"
"3sv9dCyzqOsGcJHPl5seiq","Maxinne",0.37,"https://open.spotify.com/artist/3sv9dCyzqOsGcJHPl5seiq","ARTIST"
"2HBYMapyG2od8opXNiuXsH","Kid Cut",0.06,"https://open.spotify.com/artist/2HBYMapyG2od8opXNiuXsH","ARTIST"
"5n0AvUDa25XR3AYRvocSaT","Husko",0.17,"https://open.spotify.com/artist/5n0AvUDa25XR3AYRvocSaT","ARTIST"
"5OSGVwGSz0IjIkhRUVUdTT","Father And Son",0.13,"https://open.spotify.com/artist/5OSGVwGSz0IjIkhRUVUdTT","ARTIST"
"18Z8yU9ucsWRs9nscbIakV","HowTru",0.08,"https://open.spotify.com/artist/18Z8yU9ucsWRs9nscbIakV","ARTIST"
"04L4Y7Hkc1fULKhFbTnSSs","ATFC",0.48,"https://open.spotify.com/artist/04L4Y7Hkc1fULKhFbTnSSs","ARTIST"
"6eChRUoyiCUCrUbwbT9Jq3","Sandy Rivera",0.46,"https://open.spotify.com/artist/6eChRUoyiCUCrUbwbT9Jq3","ARTIST"
"5kA0fIY29Fnfu4U2I2xvki","David Penn",0.55,"https://open.spotify.com/artist/5kA0fIY29Fnfu4U2I2xvki","ARTIST"
"37eRNhw77Tm4Ois5CezSvY","Soulsearcher",0.43,"https://open.spotify.com/artist/37eRNhw77Tm4Ois5CezSvY","ARTIST"
"0MGTHZpAGf7isSfw8yMIoi","Dennis Ferrer",0.51,"https://open.spotify.com/artist/0MGTHZpAGf7isSfw8yMIoi","ARTIST"
"2f6jGbE8VU74rb5AQtOdFz","Seamus Haji",0.38,"https://open.spotify.com/artist/2f6jGbE8VU74rb5AQtOdFz","ARTIST"
"1QcNpVT6u0dHxmjpZoJtHd","Copyright",0.31,"https://open.spotify.com/artist/1QcNpVT6u0dHxmjpZoJtHd","ARTIST"
"60FV7KyxIH9FH1uq7u8inP","The Shapeshifters",0.56,"https://open.spotify.com/artist/60FV7KyxIH9FH1uq7u8inP","ARTIST"
"36AJmodiIrwV9U3QOiLMYM","Harry Romero",0.47,"https://open.spotify.com/artist/36AJmodiIrwV9U3QOiLMYM","ARTIST"
"2b8d0BREA7r3nbVhD649yX","Kings Of Tomorrow",0.48,"https://open.spotify.com/artist/2b8d0BREA7r3nbVhD649yX","ARTIST"
"5jO3o2nsu0GTQBc8Lgcna7","Block & Crown",0.46,"https://open.spotify.com/artist/5jO3o2nsu0GTQBc8Lgcna7","ARTIST"
"3dE92yGWcrboP1kC5SWyqu","Todd Terry",0.55,"https://open.spotify.com/artist/3dE92yGWcrboP1kC5SWyqu","ARTIST"
"0vSfjPjAbekoehCpmy1RV1","Shakedown",0.49,"https://open.spotify.com/artist/0vSfjPjAbekoehCpmy1RV1","ARTIST"
"7AhOEwT7t9lSIypvP1WTGP","Soul Central",0.38,"https://open.spotify.com/artist/7AhOEwT7t9lSIypvP1WTGP","ARTIST"
"159cwGtgCzNpyHWY6tzihH","Milk & Sugar",0.47,"https://open.spotify.com/artist/159cwGtgCzNpyHWY6tzihH","ARTIST"
"3h11MHQeCrcsUgRRijI1zL","Mark Knight",0.58,"https://open.spotify.com/artist/3h11MHQeCrcsUgRRijI1zL","ARTIST"
"55UOywvWbUD9c6C3NSGdft","Mike Dunn",0.49,"https://open.spotify.com/artist/55UOywvWbUD9c6C3NSGdft","ARTIST"
"14MtanGZe4G1fzC8raLFUK","Danny Howard",0.43,"https://open.spotify.com/artist/14MtanGZe4G1fzC8raLFUK","ARTIST"
"6Mnu4siugmdHZ1YBIUVY7u","Marell",0.07,"https://open.spotify.com/artist/6Mnu4siugmdHZ1YBIUVY7u","ARTIST"
"4YEr8mFSxP4ukSF1r17pOZ","Mike Newman",0.17,"https://open.spotify.com/artist/4YEr8mFSxP4ukSF1r17pOZ","ARTIST"
"62akbR2hpk0ArA98zOYNys","Prok & Fitch",0.43,"https://open.spotify.com/artist/62akbR2hpk0ArA98zOYNys","ARTIST"
"3StDV7dbuu968KpgOAnsnT","Nikhil Prakash",0.28,"https://open.spotify.com/artist/3StDV7dbuu968KpgOAnsnT","ARTIST"
"22xFYRBuSniRzAYugJFjvY","The Deepshakerz",0.38,"https://open.spotify.com/artist/22xFYRBuSniRzAYugJFjvY","ARTIST"
"2UgphhGSlC9QWgaZWUOCkl","Franky Rizardo",0.46,"https://open.spotify.com/artist/2UgphhGSlC9QWgaZWUOCkl","ARTIST"
"6oqv4rbOMlOZNOUoDFgBSp","Andrea Oliva",0.46,"https://open.spotify.com/artist/6oqv4rbOMlOZNOUoDFgBSp","ARTIST"
"31ZNfGVEEcI9CyicPVJQni","Junior Sanchez",0.44,"https://open.spotify.com/artist/31ZNfGVEEcI9CyicPVJQni","ARTIST"
"0SnbG2YfyykWmnsXwBXonJ","Dale Howard",0.37,"https://open.spotify.com/artist/0SnbG2YfyykWmnsXwBXonJ","ARTIST"
"5wHxSZdr7rIyqlFJxH1gCM","Miguel Bastida",0.39,"https://open.spotify.com/artist/5wHxSZdr7rIyqlFJxH1gCM","ARTIST"
"1sU9P9tukhV9PkBTSuLoh2","Marco Lansi",0.0,"https://open.spotify.com/artist/1sU9P9tukhV9PkBTSuLoh2","ARTIST"
"7ku3jESl57yPuO0FD29F2F","Jova",0.02,"https://open.spotify.com/artist/7ku3jESl57yPuO0FD29F2F","ARTIST"
"7rDrlxukFUv4BELiz0K2Qe","Dope Kids",0.0,"https://open.spotify.com/artist/7rDrlxukFUv4BELiz0K2Qe","ARTIST"
"7y34BVEvvXgLXrXSLBYshO","Guido Nemola",0.06,"https://open.spotify.com/artist/7y34BVEvvXgLXrXSLBYshO","ARTIST"
"16LyZ7r3rzPJqljgvz0fvq","Luigi Madonna",0.36,"https://open.spotify.com/artist/16LyZ7r3rzPJqljgvz0fvq","ARTIST"
"05UldFiN2YHSDTjA5dkoWn","Afonso Maia",0.09,"https://open.spotify.com/artist/05UldFiN2YHSDTjA5dkoWn","ARTIST"
"0QLk7WTsSEa7zhJg0B89FP","Yuri Alexeev",0.12,"https://open.spotify.com/artist/0QLk7WTsSEa7zhJg0B89FP","ARTIST"
"735VthXIPPGlq5rX58ogOM","Echo Vacio",0.0,"https://open.spotify.com/artist/735VthXIPPGlq5rX58ogOM","ARTIST"
"3ApAbPEORpJXrzWeJOWjEb","Vladimir Acic",0.01,"https://open.spotify.com/artist/3ApAbPEORpJXrzWeJOWjEb","ARTIST"
"3M0RZ2Go7cgWqN5VT83GgY","Hernan Bass",0.11,"https://open.spotify.com/artist/3M0RZ2Go7cgWqN5VT83GgY","ARTIST"
"3XyhZgjNCOB4onNVrbtYiB","Hollen",0.28,"https://open.spotify.com/artist/3XyhZgjNCOB4onNVrbtYiB","ARTIST"
"5cdMY46dFgw27Mr0WB5TlT","Gabriel Ferreira",0.03,"https://open.spotify.com/artist/5cdMY46dFgw27Mr0WB5TlT","ARTIST"
"1rj8lSnQbepEEk1elbZOfb","Michael Knop",0.02,"https://open.spotify.com/artist/1rj8lSnQbepEEk1elbZOfb","ARTIST"
"2QHhAAQ6LzqGmBkmFE2Hrh","Marco Esse",0.0,"https://open.spotify.com/artist/2QHhAAQ6LzqGmBkmFE2Hrh","ARTIST"
"5UK4riRb8wla6FlTHuRi0e","Vorr",0.0,"https://open.spotify.com/artist/5UK4riRb8wla6FlTHuRi0e","ARTIST"
"1JXCRSEtuyVojNvkrg8xys","Franck Valat",0.0,"https://open.spotify.com/artist/1JXCRSEtuyVojNvkrg8xys","ARTIST"
"3KzYmKpv9L57pgHXE9I7um","Twinbeat",0.01,"https://open.spotify.com/artist/3KzYmKpv9L57pgHXE9I7um","ARTIST"
"11RA0djjHwvM3BdCSSnWK1","The Elriks",0.0,"https://open.spotify.com/artist/11RA0djjHwvM3BdCSSnWK1","ARTIST"
"6DUXSSoQSaWVE39ezLuJfW","Giuseppe Fonti",0.0,"https://open.spotify.com/artist/6DUXSSoQSaWVE39ezLuJfW","ARTIST"
"4TeakFq7Xbpo0ihpTQrekM","Hector Couto",0.38,"https://open.spotify.com/artist/4TeakFq7Xbpo0ihpTQrekM","ARTIST"
"0Vg2GA2WmLIPXILz95CS03","Mendo",0.31,"https://open.spotify.com/artist/0Vg2GA2WmLIPXILz95CS03","ARTIST"
"51NwQz5MA32kigUGYjdA3z","Carlo Lio",0.31,"https://open.spotify.com/artist/51NwQz5MA32kigUGYjdA3z","ARTIST"
"6H6VFCKcJLUKANeWVr5mYU","Luca M",0.27,"https://open.spotify.com/artist/6H6VFCKcJLUKANeWVr5mYU","ARTIST"
"2lPXenWgbh51R950CMdk6i","Kaiserdisco",0.35,"https://open.spotify.com/artist/2lPXenWgbh51R950CMdk6i","ARTIST"
"3kerdbIX1DaNMNBcgvKtDR","Danny Serrano",0.23,"https://open.spotify.com/artist/3kerdbIX1DaNMNBcgvKtDR","ARTIST"
"3k9XSew0mrAQytiYyIXf18","Cuartero",0.44,"https://open.spotify.com/artist/3k9XSew0mrAQytiYyIXf18","ARTIST"
"6nl0PkJi7Xog1gon9f6WIl","Rafa Barrios",0.41,"https://open.spotify.com/artist/6nl0PkJi7Xog1gon9f6WIl","ARTIST"
"7btR5VXutQv39SDEzcfXEk","Nic Fanciulli",0.44,"https://open.spotify.com/artist/7btR5VXutQv39SDEzcfXEk","ARTIST"
"7mNBit6W1boNnvOSVQCB8h","David Herrero",0.25,"https://open.spotify.com/artist/7mNBit6W1boNnvOSVQCB8h","ARTIST"
"5WI60lKXG4mP2OPyt8pyQ2","Nick Curly",0.33,"https://open.spotify.com/artist/5WI60lKXG4mP2OPyt8pyQ2","ARTIST"
"1d8saXrZBqwtB9yQmqckWS","Andre Butano",0.32,"https://open.spotify.com/artist/1d8saXrZBqwtB9yQmqckWS","ARTIST"
"6lU2Le0VfhyLnb8x0bOqil","Markus Homm",0.31,"https://open.spotify.com/artist/6lU2Le0VfhyLnb8x0bOqil","ARTIST"
"4IVlorYhuVoIUWg6HVx6DK","Stefano Noferini",0.34,"https://open.spotify.com/artist/4IVlorYhuVoIUWg6HVx6DK","ARTIST"
"42MgQRvz2CdYiI9u46YJNn","Reblok",0.32,"https://open.spotify.com/artist/42MgQRvz2CdYiI9u46YJNn","ARTIST"
"0DH2O8Nvb5KxMaI9jCZUqW","Raumakustik",0.39,"https://open.spotify.com/artist/0DH2O8Nvb5KxMaI9jCZUqW","ARTIST"
"53PVBEKRk4Fvq8w8cLydLX","Will Taylor (UK)",0.33,"https://open.spotify.com/artist/53PVBEKRk4Fvq8w8cLydLX","ARTIST"
"5yPVuutf3WAXUt1VqDaN1t","Chapter & Verse",0.39,"https://open.spotify.com/artist/5yPVuutf3WAXUt1VqDaN1t","ARTIST"
"08st4VKj9jjZJ5eKzAOHq8","Piem",0.36,"https://open.spotify.com/artist/08st4VKj9jjZJ5eKzAOHq8","ARTIST"
"4epc3Bd0DOBA0kDywkRAsu","Westend",0.33,"https://open.spotify.com/artist/4epc3Bd0DOBA0kDywkRAsu","ARTIST"
"10Bo1ofGMWr6hFD7OM7W7r","Deeper Purpose",0.45,"https://open.spotify.com/artist/10Bo1ofGMWr6hFD7OM7W7r","ARTIST"
"1UgUBnYpGyrYfGIfkMp08O","NightFunk",0.47,"https://open.spotify.com/artist/1UgUBnYpGyrYfGIfkMp08O","ARTIST"
"2l0xOjnrmYsxNoQ0QI3G5a","Black V Neck",0.47,"https://open.spotify.com/artist/2l0xOjnrmYsxNoQ0QI3G5a","ARTIST"
"4EdTAy3S5GrswFHCdpiKP3","Mason Maynard",0.43,"https://open.spotify.com/artist/4EdTAy3S5GrswFHCdpiKP3","ARTIST"
"0X2423nvaH92bYjYUKCYRI","Eddy M",0.41,"https://open.spotify.com/artist/0X2423nvaH92bYjYUKCYRI","ARTIST"
"4Siyzg8kWayQfPQsPSl6JI","Shermanology",0.51,"https://open.spotify.com/artist/4Siyzg8kWayQfPQsPSl6JI","ARTIST"
"366L4EjZXBPYbHs9XDQILZ","Ben Hemsley",0.37,"https://open.spotify.com/artist/366L4EjZXBPYbHs9XDQILZ","ARTIST"
"1AD6JUzgEvTAI8TLGwlrba","DONT BLINK",0.4,"https://open.spotify.com/artist/1AD6JUzgEvTAI8TLGwlrba","ARTIST"
"2z9DWWfNONyl2nyy1GNSi0","Latmun",0.36,"https://open.spotify.com/artist/2z9DWWfNONyl2nyy1GNSi0","ARTIST"
"54fZiNN8CtExTWCj5Gbeu4","KI Creighton",0.29,"https://open.spotify.com/artist/54fZiNN8CtExTWCj5Gbeu4","ARTIST"
"1KFfk3NtblIJtGEqyiR31t","Luuk Van Dijk",0.4,"https://open.spotify.com/artist/1KFfk3NtblIJtGEqyiR31t","ARTIST"
"3CIXyIrNkSUBFRQdG6rdGb","Waitz",0.22,"https://open.spotify.com/artist/3CIXyIrNkSUBFRQdG6rdGb","ARTIST"
"5JywRcVtRJR2yVvjCb2O5H","Di Chiara Brothers",0.29,"https://open.spotify.com/artist/5JywRcVtRJR2yVvjCb2O5H","ARTIST"
"6hr0SehcycxwgYfCgVy32M","Jay de Lys",0.24,"https://open.spotify.com/artist/6hr0SehcycxwgYfCgVy32M","ARTIST"
"7uxpFclesPI9MwYDLa3ldG","De La Swing",0.32,"https://open.spotify.com/artist/7uxpFclesPI9MwYDLa3ldG","ARTIST"
"1tZgoMqNTa7lII4w9pV3ud","Bontan",0.39,"https://open.spotify.com/artist/1tZgoMqNTa7lII4w9pV3ud","ARTIST"
"7MdlXmq2HViAJWo9cf30sR","Cloonee",0.56,"https://open.spotify.com/artist/7MdlXmq2HViAJWo9cf30sR","ARTIST"
"5v1K4IgzvVs7rFzessYPhS","Mason Collective",0.25,"https://open.spotify.com/artist/5v1K4IgzvVs7rFzessYPhS","ARTIST"
"5FizNUi0Rn6ZR6cmXL5nts","Reelow",0.27,"https://open.spotify.com/artist/5FizNUi0Rn6ZR6cmXL5nts","ARTIST"
"56HtyYJoZvYc5aVdqDd94i","Marco Strous",0.33,"https://open.spotify.com/artist/56HtyYJoZvYc5aVdqDd94i","ARTIST"
"5lZ8HC92jRDlyeq0vSxGeI","Detlef",0.44,"https://open.spotify.com/artist/5lZ8HC92jRDlyeq0vSxGeI","ARTIST"
"3urGFEv1zqwK24gupip690","Iglesias",0.36,"https://open.spotify.com/artist/3urGFEv1zqwK24gupip690","ARTIST"
"4p5WgeiPSPpqPDs7T6OkWf","ANOTR",0.4,"https://open.spotify.com/artist/4p5WgeiPSPpqPDs7T6OkWf","ARTIST"
"6FJfLfGO9X2AVNz0sFscrG","Prunk",0.31,"https://open.spotify.com/artist/6FJfLfGO9X2AVNz0sFscrG","ARTIST"
"7A0eeETj5gjPjvXLnskbfG","Toman",0.38,"https://open.spotify.com/artist/7A0eeETj5gjPjvXLnskbfG","ARTIST"
"3BPvVhOECwv7HSHVZaq3BG","Dimmish",0.36,"https://open.spotify.com/artist/3BPvVhOECwv7HSHVZaq3BG","ARTIST"
"3BxjasMelf9pKaE4f7Y0So","Chris Stussy",0.42,"https://open.spotify.com/artist/3BxjasMelf9pKaE4f7Y0So","ARTIST"
"7itMGcVGRKS43LcTQvJitf","Rossi.",0.37,"https://open.spotify.com/artist/7itMGcVGRKS43LcTQvJitf","ARTIST"
"5nw8Cj9x9XXKDuuNhl5mF7","East End Dubs",0.34,"https://open.spotify.com/artist/5nw8Cj9x9XXKDuuNhl5mF7","ARTIST"
"3fdC2UHP39tyWCUsHB6qlv","DJOKO",0.43,"https://open.spotify.com/artist/3fdC2UHP39tyWCUsHB6qlv","ARTIST"
"2noNB4p7pYhP4XfNcdDfJc","Tommy Vercetti",0.32,"https://open.spotify.com/artist/2noNB4p7pYhP4XfNcdDfJc","ARTIST"
"0UVthdD1eqqsoNLX9ek4Xb","Blackchild (ITA)",0.34,"https://open.spotify.com/artist/0UVthdD1eqqsoNLX9ek4Xb","ARTIST"
"2eprK9dqUOpKRzI18r7e8G","Jesse Maas",0.27,"https://open.spotify.com/artist/2eprK9dqUOpKRzI18r7e8G","ARTIST"
"2p0rSIjHFpx3IYYenqB14y","Artmann",0.27,"https://open.spotify.com/artist/2p0rSIjHFpx3IYYenqB14y","ARTIST"
